CombatRank,ValueRank,ShockRank,ShockValueRank,Unit,Cost,SmallArms,HP,NormalizedHP,EffectiveDPS,Suppression,NormalizedSuppression,ShockDPS,ShockSuppression,ShockNormalizedSuppression,ATScore,CombatScore,ValueScore,IsShock,ShockCombatScore,ShockValueScore
1,99,1,58,MOR. SPETSNAZ,90,13,12,0.75,0.697,141.65,1.0,1.227,166.65,1.1765,0,0.7763,0.8626,True,1.05,1.1667
2,100,2,59,SPETSNAZ,90,13,12,0.75,0.697,141.65,1.0,1.227,166.65,1.1765,0,0.7763,0.8626,True,1.05,1.1667
3,319,6,291,GREEN BERETS LDR.,100,12,12,0.75,0.524,79.58,0.5618,0.906,93.63,0.661,3.49,0.6107,0.6107,True,0.8023,0.8023
4,257,5,188,SAS 'G',90,12,12,0.75,0.472,86.4,0.61,0.845,121.13,0.8551,4.13,0.597,0.6634,True,0.8137,0.9042
5,396,7,313,GREEN BERETS (ODA),100,14,14,0.875,0.372,72.24,0.51,0.846,68.52,0.4837,5.4,0.5755,0.5755,True,0.7835,0.7835
6,248,4,120,AERO-ENGINEERS LDR.,85,13,12,0.75,0.355,102.29,0.7221,0.958,120.34,0.8495,0,0.5668,0.6668,True,0.8635,1.0159
7,304,19,400,LUFT.-GEBIRGSJÄGER,90,16,16,1.0,0.262,62.45,0.4409,0.505,50.78,0.3585,1.8,0.556,0.6178,False,0.6488,0.7209
8,79,797,834,SKYGUARD SWE 35mm,60,1,4,0.25,0.642,122.36,0.8638,0,0,0.0,0,0.5493,0.9155,False,0.0875,0.1458
9,80,798,835,OERLIKON GDF 005,60,1,4,0.25,0.642,122.36,0.8638,0,0,0.0,0,0.5493,0.9155,False,0.0875,0.1458
10,178,10,148,ZÁLOŽNÍCI (T21),75,16,16,1.0,0.261,57.84,0.4084,0.652,57.84,0.4084,3.13,0.5489,0.7319,False,0.725,0.9666
11,50,786,791,AERO-M167A2 PIVADS 20mm,50,1,4,0.25,0.645,105.26,0.7431,0,0,0.0,0,0.5262,1.0525,False,0.0875,0.175
12,51,787,792,M167A2 VADS 20mm,50,1,4,0.25,0.645,105.26,0.7431,0,0,0.0,0,0.5262,1.0525,False,0.0875,0.175
13,176,18,166,DSh POGRANVOISKA KGB,70,12,11,0.6875,0.341,86.84,0.6131,0.643,86.84,0.6131,2.76,0.5166,0.738,False,0.6525,0.9321
14,30,40,40,MARECHAUSSEE (MG),45,12,12,0.75,0.335,72.52,0.512,0.504,72.52,0.512,0,0.5158,1.1463,False,0.5916,1.3146
388,501,157,255,PIONIER (Flam.),45,11,10,0.625,0.327,101.67,0.7177,0.642,119.61,0.8444,0,0.5093,1.1318,True,0.6766,1.5036
16,241,21,238,Alfa Group SOV,75,10,10,0.625,0.388,78.8,0.5563,0.641,95.06,0.6711,3.49,0.5048,0.6731,True,0.6413,0.8551
17,418,8,278,SPETSGRUPPA V,90,10,10,0.625,0.403,73.6,0.5196,0.813,105.41,0.7442,6.47,0.5038,0.5598,True,0.7335,0.815
18,366,31,403,MOR. PEKHOTA (PTS),85,14,14,0.875,0.247,60.2,0.425,0.523,48.53,0.3426,2.02,0.5026,0.5913,False,0.6102,0.7179
19,116,3,29,OKHRANA MVD,60,14,16,1.0,0.211,40.22,0.284,0.866,109.67,0.7742,0,0.5017,0.8361,False,0.8943,1.4905
20,117,796,833,SKYGUARD CV 35mm,60,1,4,0.25,0.535,122.36,0.8638,0,0,0.0,0,0.5011,0.8352,False,0.0875,0.1458
21,320,9,173,DSh. (RPG-22),80,14,14,0.875,0.24,51.73,0.3652,0.757,60.86,0.4297,2.76,0.4874,0.6093,True,0.7326,0.9158
24,43,790,773,M167A1 VADS 20mm,45,1,4,0.25,0.553,105.26,0.7431,0,0,0.0,0,0.4848,1.0773,False,0.0875,0.1944
23,66,789,793,AB M167A1 VADS 20mm,50,1,4,0.25,0.553,105.26,0.7431,0,0,0.0,0,0.4848,0.9696,False,0.0875,0.175
24,43,790,773,M167A1 VADS 20mm,45,1,4,0.25,0.553,105.26,0.7431,0,0,0.0,0,0.4848,1.0773,False,0.0875,0.1944
25,67,791,794,PARA. M167A1 VADS 20mm,50,1,4,0.25,0.553,105.26,0.7431,0,0,0.0,0,0.4848,0.9696,False,0.0875,0.175
26,132,765,832,MFG BOFORS 40L70G,60,1,4,0.25,0.315,179.87,1.2698,0,0,0.0,0,0.4831,0.8052,False,0.0875,0.1458
27,134,23,97,DSh. AFGANTSY,60,9,8,0.5,0.364,99.71,0.7039,0.703,103.58,0.7313,0,0.4797,0.7995,True,0.6375,1.0626
28,95,28,84,OKHRANA VMF,55,14,14,0.875,0.228,48.27,0.3407,0.531,48.27,0.3407,0,0.4771,0.8674,False,0.6133,1.1151
29,97,11,45,WACHSCHÜTZEN (RPO),55,11,10,0.625,0.316,80.47,0.5681,0.791,94.67,0.6683,0,0.4745,0.8628,True,0.7086,1.2883
30,29,27,10,PIONIERS (Flam.),40,10,9,0.5625,0.299,95.67,0.6754,0.588,112.55,0.7946,0,0.4663,1.1659,True,0.6204,1.5511
31,400,14,237,AERO-RIFLES (AT-4),80,13,13,0.8125,0.223,52.0,0.3671,0.703,61.17,0.4319,3.82,0.4583,0.5728,True,0.687,0.8587
32,401,41,376,USMC RIFLEMEN (AT-4),80,13,13,0.8125,0.223,52.0,0.3671,0.519,52.0,0.3671,3.82,0.4583,0.5728,False,0.5915,0.7394
33,457,42,432,USMC RIFLEMEN (Dragon),85,13,13,0.8125,0.223,52.0,0.3671,0.519,52.0,0.3671,1.98,0.4583,0.5391,False,0.5915,0.6959
34,317,43,305,USMC RIFLEMEN (LAW),75,13,13,0.8125,0.223,52.0,0.3671,0.519,52.0,0.3671,2.39,0.4583,0.611,False,0.5915,0.7887
35,121,44,96,USAF SECURITY,55,13,13,0.8125,0.22,50.69,0.3579,0.511,50.69,0.3579,0,0.4548,0.8268,False,0.5858,1.0651
36,410,24,310,HOCHGEBIRGSJÄGER,80,11,11,0.6875,0.29,57.79,0.408,0.644,70.35,0.4966,0,0.4525,0.5656,True,0.6299,0.7874
37,274,47,273,COMMANDO,70,11,11,0.6875,0.286,57.09,0.403,0.579,50.69,0.3578,3.49,0.4498,0.6426,True,0.5726,0.818
38,570,30,513,AERO-SCOUTS (GSR),100,13,13,0.8125,0.208,50.07,0.3535,0.583,45.18,0.3189,2.39,0.4485,0.4485,True,0.6105,0.6105
39,54,48,47,K.d.A. SCHÜTZEN.,45,14,14,0.875,0.186,40.22,0.284,0.465,40.22,0.284,0.61,0.4466,0.9925,False,0.5725,1.2721
40,535,20,408,NAVY SEALS,90,9,9,0.5625,0.35,56.6,0.3995,0.723,85.41,0.6029,5.4,0.4343,0.4826,True,0.6428,0.7142
41,500,17,328,GURKHA RIFLES,85,12,12,0.75,0.222,48.8,0.3445,0.698,57.41,0.4053,4.49,0.4311,0.5072,True,0.6574,0.7735
42,187,12,57,MARINEPIONIER,60,12,12,0.75,0.232,45.33,0.32,0.765,69.02,0.4872,0,0.4307,0.7178,True,0.7041,1.1735
43,149,67,150,REZERWISCI (SVD),55,12,12,0.75,0.205,53.51,0.3778,0.462,41.84,0.2954,1.6,0.4302,0.7822,False,0.5296,0.9629
44,311,76,371,SDRA 8,70,9,10,0.625,0.275,61.88,0.4369,0.466,63.39,0.4475,0,0.43,0.6143,True,0.5181,0.7401
45,73,35,36,WACHSCHÜTZEN (STOSS),45,10,10,0.625,0.28,60.0,0.4236,0.577,86.27,0.6091,0,0.4295,0.9544,True,0.6003,1.3341
46,316,16,158,NIEBIESKIE BERETY,70,12,12,0.75,0.226,45.05,0.318,0.712,52.99,0.3741,1.57,0.4279,0.6113,True,0.6579,0.9398
47,260,53,234,RANGERS (DRAGON),65,9,9,0.5625,0.343,54.29,0.3833,0.606,63.88,0.4509,2.4,0.4278,0.6581,True,0.5597,0.8611
48,192,54,165,RANGERS (LAW),60,9,9,0.5625,0.343,54.29,0.3833,0.606,63.88,0.4509,3.01,0.4278,0.7129,True,0.5597,0.9328
49,9,774,721,HS.831 30mm,35,1,4,0.25,0.395,112.94,0.7973,0,0,0.0,0,0.4249,1.2139,False,0.0875,0.25
50,345,13,129,MARINEPIONIER (Flam.),70,11,12,0.75,0.214,42.13,0.2974,0.706,84.17,0.5942,0,0.4185,0.5978,True,0.699,0.9986
51,277,26,152,VÝSADKÁŘI,65,10,10,0.625,0.295,46.37,0.3274,0.727,54.56,0.3852,2.86,0.4169,0.6414,True,0.623,0.9584
52,52,89,48,R.A.F. BERLIN,40,12,12,0.75,0.197,45.76,0.323,0.401,45.76,0.323,2.17,0.4157,1.0392,False,0.5074,1.2684
53,533,61,499,CRAP,85,10,10,0.625,0.261,52.55,0.371,0.569,45.35,0.3202,2.38,0.4105,0.4829,True,0.5387,0.6338
54,375,79,394,AIRMOBILE TERRIERS,70,12,12,0.75,0.197,41.76,0.2948,0.419,41.76,0.2948,1.8,0.4103,0.5862,False,0.5102,0.7288
55,655,29,558,AB ENGINEERS LDR.,115,12,12,0.75,0.197,41.72,0.2945,0.621,49.09,0.3465,2.39,0.4101,0.3566,True,0.6111,0.5314
56,444,49,345,COMMANDO CMG,75,8,8,0.5,0.332,59.2,0.4179,0.658,70.3,0.4963,3.49,0.4078,0.5438,True,0.5701,0.7602
57,124,64,95,REZERWISCI,50,12,12,0.75,0.191,41.72,0.2945,0.477,41.72,0.2945,1.46,0.4073,0.8146,False,0.5363,1.0725
59,127,34,54,SAPERI (RPO),50,9,8,0.5,0.282,73.92,0.5219,0.686,86.97,0.614,0,0.4065,0.813,True,0.6065,1.2131
59,127,34,54,SAPERI (RPO),50,9,8,0.5,0.282,73.92,0.5219,0.686,86.97,0.614,0,0.4065,0.813,True,0.6065,1.2131
60,128,130,159,HJV,50,12,12,0.75,0.171,47.06,0.3322,0.349,35.39,0.2499,2.17,0.4059,0.8118,False,0.4695,0.9391
61,566,37,479,USMC ENGINEERS LDR.,90,12,12,0.75,0.189,40.56,0.2863,0.595,47.71,0.3368,2.39,0.4049,0.4498,True,0.5977,0.6641
62,619,70,559,SAS,100,8,8,0.5,0.345,52.21,0.3686,0.593,61.43,0.4337,5.4,0.4042,0.4042,True,0.5287,0.5287
63,243,100,260,HJV FØRER,60,12,12,0.75,0.181,42.15,0.2976,0.39,42.15,0.2976,0.87,0.4034,0.6723,False,0.4977,0.8295
64,303,39,179,COMMANDOS,65,10,10,0.625,0.262,45.88,0.3239,0.66,53.97,0.381,2.38,0.4016,0.6178,True,0.5918,0.9105
65,133,82,116,PROVINCIAUX,50,12,12,0.75,0.178,41.91,0.2958,0.417,41.91,0.2958,0.87,0.4016,0.8032,False,0.5094,1.0188
66,664,38,571,AIRBORNE LDR.,115,12,12,0.75,0.185,38.4,0.2711,0.59,45.73,0.3228,3.82,0.4001,0.3479,True,0.5923,0.5151
67,312,114,373,POHRANIČNÍCI,65,11,11,0.6875,0.204,46.99,0.3317,0.423,35.32,0.2494,2.39,0.3989,0.6137,False,0.4808,0.7397
68,546,46,463,FALLSCHIRMJÄGER B1,85,8,8,0.5,0.315,57.98,0.4093,0.615,87.03,0.6144,7.7,0.3987,0.469,True,0.5748,0.6763
69,256,102,264,MECH. CP ESCORT,60,11,11,0.6875,0.217,42.42,0.2994,0.433,42.42,0.2994,1.8,0.3981,0.6634,False,0.4955,0.8259
70,141,81,115,GIGN,50,8,8,0.5,0.315,57.6,0.4066,0.529,68.42,0.483,0,0.398,0.796,True,0.5096,1.0192
757,688,578,579,PATHFINDERS,85,9,9,0.5625,0.287,50.51,0.3566,0.707,59.42,0.4195,3.49,0.3973,0.4674,True,0.5991,0.7048
72,143,25,51,N.G. ENGINEERS (Flam.),50,11,12,0.75,0.171,40.57,0.2864,0.554,82.34,0.5813,0,0.3969,0.7937,True,0.6283,1.2565
73,191,32,85,SAPERZY SZTURMOWI,55,9,9,0.5625,0.247,59.62,0.4209,0.697,70.14,0.4952,0,0.3923,0.7132,True,0.6094,1.1081
74,103,91,82,ZAPADORES (M65),45,9,9,0.5625,0.252,54.0,0.3812,0.487,63.53,0.4485,1.68,0.3865,0.8589,True,0.5058,1.1239
75,68,57,35,ZAPADORES,40,9,9,0.5625,0.252,54.0,0.3812,0.523,79.22,0.5592,0,0.3865,0.9663,True,0.5441,1.3603
76,38,775,722,HSS.630-3 20mm,35,1,4,0.25,0.35,100.0,0.706,0,0,0.0,0,0.3862,1.1034,False,0.0875,0.25
77,440,66,349,GEB. JAGDKOMMANDO,70,11,11,0.6875,0.177,44.2,0.312,0.474,53.96,0.381,0,0.3828,0.5468,True,0.5302,0.7574
78,372,187,477,GEBIRGSJÄGER ,65,11,11,0.6875,0.177,44.2,0.312,0.324,32.53,0.2297,1.72,0.3828,0.5889,False,0.4323,0.665
79,72,809,757,ZUR-23-2S JOD,40,1,4,0.25,0.346,98.83,0.6977,0,0,0.0,0,0.3827,0.9567,False,0.0875,0.2187
80,111,810,774,DESANT. ZUR-23-2S JOD,45,1,4,0.25,0.346,98.83,0.6977,0,0,0.0,0,0.3827,0.8504,False,0.0875,0.1944
81,542,113,519,COMMANDOS DE L'AIR,80,8,9,0.5625,0.226,58.46,0.4127,0.505,40.54,0.2862,3.76,0.3813,0.4766,True,0.4814,0.6018
82,39,799,723,PLDvK vz.53 30mm,35,1,4,0.25,0.296,112.94,0.7973,0,0,0.0,0,0.3804,1.0868,False,0.0875,0.25
83,74,145,65,HJV RESERVISTER,40,12,12,0.75,0.151,35.12,0.248,0.325,35.12,0.248,0.72,0.3799,0.9497,False,0.4585,1.1463
84,114,119,102,BEVEILIGING MOBIEL ,45,10,10,0.625,0.213,46.14,0.3257,0.426,46.14,0.3257,0,0.3799,0.8443,False,0.4757,1.0572
161,327,129,239,PIONIER (CarlG),50,9,9,0.5625,0.24,52.92,0.3736,0.647,62.25,0.4395,0,0.3794,0.7588,True,0.5757,1.1515
86,447,50,285,ENGINEERS LDR.,70,11,11,0.6875,0.184,39.52,0.279,0.579,46.49,0.3282,0,0.3792,0.5417,True,0.5668,0.8097
87,41,147,44,CONSCRITS,35,12,12,0.75,0.146,34.88,0.2462,0.316,34.88,0.2462,0.5,0.3777,1.079,False,0.4537,1.2964
544,578,501,531,MECH. RIFLES LDR.,75,11,11,0.6875,0.187,37.15,0.2622,0.405,37.61,0.2655,1.8,0.3774,0.5031,False,0.476,0.6347
89,391,52,230,REZ. DESANT. MOR. PEKHOTA,65,11,11,0.6875,0.182,38.67,0.273,0.573,45.49,0.3211,2.39,0.3771,0.5801,True,0.5625,0.8654
90,75,143,64,BEZPEČNOSTNÍ ODDÍL,40,10,10,0.625,0.215,43.2,0.305,0.399,43.2,0.305,0,0.3765,0.9411,False,0.4595,1.1487
91,297,156,357,PIECHOTA (SVD),60,10,10,0.625,0.197,47.11,0.3326,0.407,35.45,0.2502,1.57,0.3741,0.6235,False,0.4519,0.7531
92,123,132,106,MARINIER,45,10,10,0.625,0.199,43.0,0.3036,0.415,43.0,0.3036,0,0.3692,0.8205,False,0.4661,1.0359
93,177,175,224,KOMEND. USILENNAYA,50,10,10,0.625,0.185,47.11,0.3326,0.379,35.45,0.2502,0,0.3687,0.7374,False,0.4393,0.8786
94,48,768,718,CAA 20/120 BITUBO ,35,1,4,0.25,0.329,94.12,0.6645,0,0,0.0,0,0.3686,1.0532,False,0.0875,0.25
95,49,772,720,FK20-2 20mm ZWILLINGE,35,1,4,0.25,0.329,94.12,0.6645,0,0,0.0,0,0.3686,1.0532,False,0.0875,0.25
96,318,160,360,MARINESICHERUNGS,60,11,11,0.6875,0.169,35.39,0.2499,0.352,35.39,0.2499,1.8,0.3665,0.6108,False,0.4492,0.7486
437,315,391,299,SICHERUNGS,45,11,11,0.6875,0.169,35.39,0.2499,0.352,35.39,0.2499,0,0.3665,0.8144,False,0.4492,0.9982
98,416,194,482,INFANTERIE CMG,65,10,10,0.625,0.196,41.14,0.2905,0.336,41.61,0.2938,2.39,0.365,0.5616,False,0.4288,0.6597
99,326,180,396,SRN,60,10,10,0.625,0.187,43.79,0.3091,0.383,32.12,0.2268,0,0.3648,0.608,False,0.4364,0.7274
100,419,155,429,MP LEADER,65,11,11,0.6875,0.164,33.83,0.2388,0.366,33.83,0.2388,0,0.3622,0.5573,False,0.4529,0.6968
101,185,162,210,GENDARMES,50,10,10,0.625,0.19,40.09,0.283,0.385,40.09,0.283,0.87,0.3609,0.7219,False,0.4486,0.8972
102,340,105,276,WACHSCHÜTZEN,60,10,10,0.625,0.176,43.93,0.3101,0.483,37.96,0.268,1.83,0.36,0.6,True,0.4898,0.8163
103,135,198,160,MOR. PEKHOTA (SVD),45,10,10,0.625,0.174,43.93,0.3101,0.351,32.27,0.2278,0,0.3589,0.7975,False,0.4224,0.9387
104,598,111,532,PARAS-MARINE (Eryx),85,10,10,0.625,0.173,43.79,0.3091,0.475,37.79,0.2668,3.12,0.3586,0.4219,True,0.4858,0.5716
105,571,112,515,PARAS-MARINE,80,10,10,0.625,0.173,43.79,0.3091,0.475,37.79,0.2668,4.72,0.3586,0.4483,True,0.4858,0.6073
106,346,199,419,GREN.-VOLTIGEURS (FR-F1),60,10,10,0.625,0.173,43.79,0.3091,0.351,32.12,0.2268,1.68,0.3586,0.5977,False,0.4221,0.7035
107,431,200,490,LEGIONNAIRES,65,10,10,0.625,0.173,43.79,0.3091,0.351,32.12,0.2268,1.68,0.3586,0.5517,False,0.4221,0.6493
108,347,201,420,MARSOUINS,60,10,10,0.625,0.173,43.79,0.3091,0.351,32.12,0.2268,1.68,0.3586,0.5977,False,0.4221,0.7035
109,53,144,41,ZÁLOŽNÍCI,35,10,10,0.625,0.182,40.92,0.2889,0.406,40.92,0.2889,2.17,0.3585,1.0244,False,0.4592,1.3119
110,495,55,301,KSK,70,7,7,0.4375,0.292,52.0,0.3671,0.64,80.0,0.5648,3.49,0.3581,0.5116,True,0.5539,0.7912
111,264,65,142,STRANDMEISTER ,55,10,10,0.625,0.183,38.82,0.2741,0.505,61.36,0.4332,0,0.3558,0.6468,True,0.5327,0.9685
112,499,231,527,SPETSNAZ KOM.,70,7,7,0.4375,0.27,57.2,0.4038,0.399,51.48,0.3634,5.47,0.3555,0.5079,True,0.4054,0.5791
113,269,195,325,FUSILEROS (C90),55,11,11,0.6875,0.154,31.43,0.2219,0.314,31.43,0.2219,4.78,0.3543,0.6442,False,0.4265,0.7754
114,442,63,265,BERLIN RIFLES,65,10,10,0.625,0.179,38.93,0.2748,0.562,45.8,0.3233,4.49,0.3541,0.5448,True,0.5364,0.8252
115,273,183,302,CMDT PROVINCIAUX,55,10,10,0.625,0.173,40.18,0.2837,0.353,40.65,0.287,0,0.3535,0.6428,False,0.435,0.7909
116,198,139,171,VPB,50,10,10,0.625,0.184,35.47,0.2504,0.429,35.47,0.2504,1.57,0.3518,0.7036,False,0.4618,0.9237
117,456,247,516,GEB. AUFKLÄRER,65,10,10,0.625,0.163,41.34,0.2919,0.295,29.68,0.2095,1.72,0.3505,0.5393,False,0.3935,0.6054
118,509,238,537,JÄGER FÜH.,70,10,10,0.625,0.163,41.34,0.2919,0.3,30.14,0.2128,0,0.3505,0.5008,False,0.3963,0.5662
119,158,75,60,PIONIER (AGI),45,9,8,0.5,0.179,66.43,0.469,0.52,78.15,0.5517,0,0.3492,0.7759,True,0.5192,1.1538
120,631,136,572,DESANT. SPETSRAZVEDKA,90,10,10,0.625,0.161,40.47,0.2857,0.437,33.88,0.2392,2.76,0.3485,0.3872,True,0.4634,0.5148
121,202,197,250,LIVGARDEN,50,10,10,0.625,0.173,36.44,0.2572,0.341,36.44,0.2572,1.8,0.348,0.6959,False,0.4234,0.8468
122,287,188,314,HEIMAT-JÄGER FÜH.,55,10,10,0.625,0.165,38.82,0.2741,0.348,39.29,0.2774,0,0.348,0.6326,False,0.4307,0.7831
123,519,88,397,GUERRILLEROS,70,8,8,0.5,0.229,49.2,0.3473,0.551,60.23,0.4252,0,0.3477,0.4967,True,0.5081,0.7259
124,395,77,232,DESANT. KOMANDOSI,60,8,8,0.5,0.245,42.68,0.3013,0.604,50.21,0.3545,2.22,0.3454,0.5757,True,0.5175,0.8625
125,98,179,88,RESERVE,40,10,10,0.625,0.161,38.14,0.2693,0.366,38.14,0.2693,2.17,0.3451,0.8627,False,0.4375,1.0938
126,101,92,50,ZAPADORES (BMR),40,8,8,0.5,0.225,48.82,0.3446,0.505,73.12,0.5162,0,0.345,0.8625,True,0.5055,1.2638
127,56,206,55,RESERVISTES (LRAC),35,10,10,0.625,0.159,38.09,0.2689,0.328,38.09,0.2689,0.97,0.3442,0.9833,False,0.4201,1.2002
128,165,193,155,WSW,45,9,9,0.5625,0.2,40.67,0.2871,0.389,40.67,0.2871,0,0.3442,0.7649,False,0.4295,0.9544
129,228,95,124,ŽENIJNÍ PRŮZKUMNÍCI,50,8,8,0.5,0.223,48.52,0.3426,0.501,72.77,0.5137,0,0.344,0.6881,True,0.5033,1.0065
130,31,811,699,FLAK ZU-23-2 23mm,30,1,4,0.25,0.259,98.83,0.6977,0,0,0.0,0,0.3438,1.1459,False,0.0875,0.2917
131,57,812,726,MOR. ZU-23-2,35,1,4,0.25,0.259,98.83,0.6977,0,0,0.0,0,0.3438,0.9822,False,0.0875,0.25
136,34,817,702,ZU-23-2,30,1,4,0.25,0.259,98.83,0.6977,0,0,0.0,0,0.3438,1.1459,False,0.0875,0.2917
134,59,815,728,DESANT. ZU-23-2,35,1,4,0.25,0.259,98.83,0.6977,0,0,0.0,0,0.3438,0.9822,False,0.0875,0.25
134,59,815,728,DESANT. ZU-23-2,35,1,4,0.25,0.259,98.83,0.6977,0,0,0.0,0,0.3438,0.9822,False,0.0875,0.25
136,34,817,702,ZU-23-2,30,1,4,0.25,0.259,98.83,0.6977,0,0,0.0,0,0.3438,1.1459,False,0.0875,0.2917
136,34,817,702,ZU-23-2,30,1,4,0.25,0.259,98.83,0.6977,0,0,0.0,0,0.3438,1.1459,False,0.0875,0.2917
137,292,163,277,URSN,55,8,8,0.5,0.234,44.87,0.3167,0.493,36.31,0.2564,2.22,0.3438,0.6251,True,0.4483,0.8151
138,166,167,136,OKHRANA,45,10,10,0.625,0.166,35.47,0.2504,0.387,35.47,0.2504,0,0.3437,0.7639,False,0.4431,0.9847
139,167,107,92,GENIE VERK,45,8,8,0.5,0.224,48.0,0.3389,0.469,72.16,0.5094,0,0.3436,0.7635,True,0.4879,1.0843
140,60,108,34,ŽENISTÉ,35,8,8,0.5,0.224,48.0,0.3389,0.469,72.16,0.5094,0,0.3436,0.9816,True,0.4879,1.3941
141,294,56,127,AIRBORNE ENGINEERS,55,10,10,0.625,0.166,35.32,0.2494,0.56,57.24,0.4041,0,0.3435,0.6245,True,0.5514,1.0025
142,402,168,378,CHASSEURS-PARAS,60,10,10,0.625,0.166,35.32,0.2494,0.387,35.32,0.2494,1.68,0.3435,0.5724,False,0.4428,0.7379
143,592,78,494,LÉGIONNAIRES-PARAS,80,10,10,0.625,0.166,35.32,0.2494,0.524,41.56,0.2934,4.72,0.3435,0.4293,True,0.513,0.6413
144,403,169,379,GREN.-VOLTIGEURS (APILAS),60,10,10,0.625,0.166,35.32,0.2494,0.387,35.32,0.2494,4.72,0.3435,0.5724,False,0.4428,0.7379
145,404,170,380,AEROMOBILES,60,10,10,0.625,0.166,35.32,0.2494,0.387,35.32,0.2494,4.72,0.3435,0.5724,False,0.4428,0.7379
146,295,171,288,GRENADIER-VOLTIGEURS,55,10,10,0.625,0.166,35.32,0.2494,0.387,35.32,0.2494,1.68,0.3435,0.6245,False,0.4428,0.805
147,470,172,458,LEGIONNAIRES (APILAS),65,10,10,0.625,0.166,35.32,0.2494,0.387,35.32,0.2494,4.72,0.3435,0.5284,False,0.4428,0.6812
148,405,173,381,MARSOUINS (APILAS),60,10,10,0.625,0.166,35.32,0.2494,0.387,35.32,0.2494,4.72,0.3435,0.5724,False,0.4428,0.7379
149,231,182,227,MILITARY POLICE,50,10,10,0.625,0.164,35.29,0.2491,0.37,35.29,0.2491,0,0.3425,0.6849,False,0.4351,0.8702
150,232,98,126,INGENIØRER (CarlG),50,8,8,0.5,0.221,47.82,0.3376,0.55,56.26,0.3972,0,0.342,0.6839,True,0.502,1.004
151,112,256,149,RESERVISTES (FR-F1),40,10,10,0.625,0.141,41.05,0.2898,0.28,29.38,0.2074,0.97,0.3401,0.8503,False,0.3863,0.9657
152,237,58,90,AERO-ENGINEERS,50,10,10,0.625,0.161,34.16,0.2411,0.544,55.87,0.3944,0,0.3396,0.6792,True,0.5425,1.085
153,238,59,91,ENGINEERS,50,10,10,0.625,0.161,34.16,0.2411,0.544,55.87,0.3944,0,0.3396,0.6792,True,0.5425,1.085
154,482,94,323,AERO-SCOUTS,65,10,10,0.625,0.161,34.16,0.2411,0.508,40.19,0.2837,2.39,0.3396,0.5225,True,0.5041,0.7756
155,310,62,138,USMC ENGINEERS,55,10,10,0.625,0.158,34.16,0.2411,0.534,55.87,0.3944,0,0.3382,0.6149,True,0.538,0.9781
156,173,68,56,AIRBORNE ENGINEERS (FLASH),45,6,5,0.3125,0.252,81.05,0.5722,0.633,95.35,0.6732,0,0.3373,0.7495,True,0.529,1.1756
157,242,767,789,BOFORS 40L70G,50,1,4,0.25,0.252,96.0,0.6777,0,0,0.0,0,0.3365,0.6729,False,0.0875,0.175
158,36,99,9,REZ. SAPERZY,30,8,8,0.5,0.206,48.52,0.3426,0.492,72.77,0.5137,0,0.3363,1.121,True,0.4993,1.6643
159,325,164,284,KULOMETČÍCI,55,9,9,0.5625,0.185,38.77,0.2737,0.431,38.77,0.2737,2.39,0.3349,0.6089,False,0.4454,0.8099
248,96,243,80,RESERVISTES,30,10,10,0.625,0.147,35.32,0.2494,0.368,35.32,0.2494,0,0.3347,1.1158,False,0.434,1.4467
161,327,129,239,PIONIER (CarlG),55,10,10,0.625,0.155,32.53,0.2297,0.438,38.28,0.2702,1.8,0.3343,0.6078,True,0.4699,0.8544
162,246,84,117,GEBIRGSPIONIERE,50,10,10,0.625,0.155,32.53,0.2297,0.474,53.96,0.381,0,0.3343,0.6686,True,0.5083,1.0167
342,290,150,119,PIONIER,50,10,10,0.625,0.155,32.53,0.2297,0.474,53.96,0.381,0,0.3343,0.6686,True,0.5083,1.0167
164,328,86,170,FALLSCHIRMPIONIER,55,10,10,0.625,0.155,32.53,0.2297,0.474,53.96,0.381,0,0.3343,0.6078,True,0.5083,0.9242
165,420,225,452,PANSERSPEJDERE,60,10,10,0.625,0.155,32.53,0.2297,0.324,32.53,0.2297,1.8,0.3343,0.5571,False,0.4104,0.684
166,329,226,364,FUSILEROS (M65),55,10,10,0.625,0.155,32.53,0.2297,0.324,32.53,0.2297,1.68,0.3343,0.6078,False,0.4104,0.7462
167,249,103,137,ENGINEERS (DRAGON),50,10,10,0.625,0.154,32.0,0.2259,0.486,37.65,0.2658,1.4,0.3334,0.6668,True,0.4905,0.9811
168,422,104,274,ENGINEERS (M67),60,10,10,0.625,0.154,32.0,0.2259,0.486,37.65,0.2658,1.06,0.3334,0.5556,True,0.4905,0.8176
169,337,255,416,LIGHT RIFLES (LAW),55,9,9,0.5625,0.161,44.2,0.312,0.322,32.53,0.2297,2.39,0.3317,0.6032,False,0.3879,0.7052
170,119,69,37,N.G. ENGINEERS,40,10,10,0.625,0.143,34.16,0.2411,0.514,55.87,0.3944,0,0.3311,0.8279,True,0.529,1.3226
171,432,80,247,AIRMOBILE PIONEERS,60,9,9,0.5625,0.175,39.05,0.2757,0.551,45.95,0.3244,1.8,0.3308,0.5514,True,0.5098,0.8497
172,339,185,303,AIRMOBILE GUN GROUP,55,9,9,0.5625,0.175,38.77,0.2737,0.407,38.77,0.2737,2.39,0.3303,0.6005,False,0.4346,0.7903
173,433,83,249,SPADOCHRONIARZE (PKM),60,9,9,0.5625,0.175,38.77,0.2737,0.55,45.61,0.322,1.8,0.3303,0.5505,True,0.5089,0.8482
174,179,137,111,PIONIERS (RL-83),45,9,9,0.5625,0.177,37.2,0.2626,0.454,43.76,0.309,1.29,0.3289,0.7308,True,0.4629,1.0287
175,439,106,279,Fs-EINSATZGRUPPE,60,8,8,0.5,0.219,39.04,0.2756,0.553,45.93,0.3242,3.49,0.3286,0.5477,True,0.4889,0.8148
176,180,181,141,RESERVISTEN,45,9,9,0.5625,0.18,35.73,0.2523,0.419,35.73,0.2523,1.57,0.3284,0.7297,False,0.4358,0.9685
177,77,90,30,ENGINEERS (FLASH),35,6,5,0.3125,0.24,77.73,0.5487,0.596,91.45,0.6456,0,0.3272,0.9348,True,0.5066,1.4473
178,506,174,460,SPADOCHRONIARZE,65,9,9,0.5625,0.161,40.73,0.2876,0.435,34.2,0.2414,1.57,0.3266,0.5025,True,0.4407,0.678
179,362,192,317,STŘELCI,55,9,9,0.5625,0.175,35.45,0.2502,0.407,35.45,0.2502,2.02,0.3256,0.592,False,0.43,0.7818
180,552,60,332,PARA. SAS,70,8,8,0.5,0.215,38.2,0.2697,0.608,64.42,0.4548,0,0.3256,0.4652,True,0.5397,0.771
181,40,250,42,HSF,30,10,10,0.625,0.137,31.86,0.2249,0.285,31.86,0.2249,0,0.3255,1.0851,False,0.3921,1.3068
182,263,115,151,N.G. ENGINEERS (M67),50,10,10,0.625,0.136,32.0,0.2259,0.461,37.65,0.2658,0.95,0.3253,0.6506,True,0.4796,0.9591
183,78,242,79,PRIZIVNIKI,35,9,10,0.625,0.134,32.72,0.231,0.307,26.89,0.1898,0.61,0.3252,0.9291,False,0.3951,1.1288
184,451,202,423,LIGHT RIFLES (AT-4),60,9,9,0.5625,0.162,39.2,0.2767,0.376,39.2,0.2767,3.82,0.3249,0.5415,False,0.4213,0.7022
185,515,203,491,LIGHT RIFLES (Dragon),65,9,9,0.5625,0.162,39.2,0.2767,0.376,39.2,0.2767,1.98,0.3249,0.4998,False,0.4213,0.6482
186,516,204,492,LIGHT RIFLES (RCL),65,9,9,0.5625,0.162,39.2,0.2767,0.376,39.2,0.2767,1.06,0.3249,0.4998,False,0.4213,0.6482
187,129,101,52,RESERVISTES SAPEURS,40,10,10,0.625,0.133,32.24,0.2276,0.449,53.62,0.3785,0.97,0.3243,0.8108,True,0.4966,1.2414
188,186,22,33,OMON,45,7,8,0.5,0.196,42.67,0.3012,0.722,99.76,0.7043,0,0.3232,0.7183,True,0.641,1.4243
189,189,116,98,ŽENISTÉ (LPO),45,7,8,0.5,0.196,42.0,0.2965,0.41,84.02,0.5931,0,0.3225,0.7167,True,0.4781,1.0625
190,462,207,428,AIRMOBILE,60,9,9,0.5625,0.163,35.73,0.2523,0.38,35.73,0.2523,4.49,0.3208,0.5346,False,0.4181,0.6969
191,388,208,343,MOT. AIRMOBILE,55,9,9,0.5625,0.163,35.73,0.2523,0.38,35.73,0.2523,1.8,0.3208,0.5832,False,0.4181,0.7603
192,525,71,286,Fs-SPRENGTAUCHER,65,8,8,0.5,0.211,35.9,0.2534,0.587,61.72,0.4357,0,0.3208,0.4936,True,0.5262,0.8095
193,275,209,256,GUARDS (CarlG),50,9,9,0.5625,0.163,35.73,0.2523,0.38,35.73,0.2523,1.8,0.3208,0.6415,False,0.4181,0.8363
491,634,449,578,GUARDS,45,9,9,0.5625,0.163,35.73,0.2523,0.38,35.73,0.2523,2.39,0.3208,0.7128,False,0.4181,0.9292
195,389,72,154,PARA. ENGINEERS,55,9,9,0.5625,0.163,35.73,0.2523,0.55,57.72,0.4075,0,0.3208,0.5832,True,0.5257,0.9559
520,276,479,257,MOT. RIFLES,50,9,9,0.5625,0.163,35.73,0.2523,0.38,35.73,0.2523,1.8,0.3208,0.6415,False,0.4181,0.8363
197,555,109,431,DESANT. USILENNIE,70,9,9,0.5625,0.163,35.73,0.2523,0.514,42.04,0.2968,4.78,0.3208,0.4582,True,0.4873,0.6962
198,593,282,587,DELTA,75,5,6,0.375,0.237,58.53,0.4132,0.403,40.62,0.2868,2.54,0.3206,0.4275,True,0.3701,0.4934
363,607,260,523,FALLSCHIRMJÄGER,65,8,8,0.5,0.214,34.88,0.2462,0.538,41.03,0.2897,2.86,0.3204,0.493,True,0.4752,0.7311
200,556,121,459,FALLSCHIRMJÄGER (Metis),70,8,8,0.5,0.214,34.88,0.2462,0.538,41.03,0.2897,2.8,0.3204,0.4577,True,0.4752,0.6789
201,390,122,231,LUFTSTURM-JÄGER,55,8,8,0.5,0.214,34.88,0.2462,0.538,41.03,0.2897,2.86,0.3204,0.5826,True,0.4752,0.864
202,463,123,300,LUFTSTURM-JÄGER (Metis),60,8,8,0.5,0.214,34.88,0.2462,0.538,41.03,0.2897,2.8,0.3204,0.534,True,0.4752,0.792
203,527,110,361,AIRBORNE,65,9,9,0.5625,0.163,35.45,0.2502,0.513,41.7,0.2944,3.82,0.3202,0.4926,True,0.4864,0.7484
204,281,219,263,MECH. RIFLES (LAW),50,9,9,0.5625,0.158,35.59,0.2512,0.369,35.59,0.2512,2.39,0.3184,0.6368,False,0.413,0.826
205,468,220,444,MECH. RIFLES (DRAGON),60,9,9,0.5625,0.158,35.59,0.2512,0.369,35.59,0.2512,1.98,0.3184,0.5307,False,0.413,0.6883
206,142,313,217,JÄGER,40,9,9,0.5625,0.149,38.49,0.2717,0.267,26.82,0.1893,0,0.3183,0.7958,False,0.3547,0.8869
207,394,124,233,AERO-RIFLES,55,9,9,0.5625,0.154,35.73,0.2523,0.485,42.04,0.2968,2.39,0.3166,0.5757,True,0.4743,0.8624
208,531,125,392,AERO-RIFLES (DRAGON),65,9,9,0.5625,0.154,35.73,0.2523,0.485,42.04,0.2968,1.98,0.3166,0.4871,True,0.4743,0.7297
209,565,126,461,AIRBORNE (DRAGON),70,9,9,0.5625,0.154,35.73,0.2523,0.485,42.04,0.2968,1.98,0.3166,0.4523,True,0.4743,0.6776
210,284,228,275,LIGHT RIFLES (VIPER),50,9,9,0.5625,0.154,35.73,0.2523,0.358,35.73,0.2523,2.86,0.3166,0.6332,False,0.4085,0.8171
211,44,252,43,BEVEILIGING,30,9,9,0.5625,0.153,35.81,0.2528,0.317,35.81,0.2528,0,0.3165,1.0548,False,0.3902,1.3006
212,286,73,104,SAPERZY,50,9,9,0.5625,0.165,32.12,0.2268,0.554,53.48,0.3775,1.8,0.3163,0.6326,True,0.5218,1.0435
213,473,74,228,NIEB. BERETY SAPERZY,60,9,9,0.5625,0.165,32.12,0.2268,0.554,53.48,0.3775,1.57,0.3163,0.5272,True,0.5218,0.8696
214,288,218,261,PIECHOTA ,50,9,9,0.5625,0.165,32.12,0.2268,0.383,32.12,0.2268,1.57,0.3163,0.6326,False,0.4146,0.8291
215,600,340,610,DRAGON-PARAS,75,5,6,0.375,0.221,60.0,0.4236,0.334,43.01,0.3036,0,0.3154,0.4205,True,0.3423,0.4564
216,601,254,566,SAS PATROL,75,5,6,0.375,0.221,60.0,0.4236,0.381,61.18,0.4319,0,0.3154,0.4205,True,0.3891,0.5188
342,290,150,119,PIONIER,50,9,9,0.5625,0.152,35.03,0.2473,0.513,56.9,0.4017,0,0.3145,0.6291,True,0.5081,1.0163
218,148,244,134,FUSILEROS,40,9,9,0.5625,0.155,33.64,0.2375,0.333,33.64,0.2375,0,0.3143,0.7856,False,0.3944,0.9859
219,81,272,94,FR. POLIZEI-RESERVE,35,10,10,0.625,0.128,26.87,0.1897,0.267,26.87,0.1897,0.58,0.3142,0.8978,False,0.377,1.0772
220,407,232,383,AIR CAV. TROOPERS,55,9,9,0.5625,0.153,33.11,0.2338,0.356,33.11,0.2338,2.39,0.3125,0.5682,False,0.4039,0.7343
221,293,251,316,INFANTERIE (LAW),50,9,9,0.5625,0.153,33.05,0.2333,0.328,33.05,0.2333,2.39,0.3123,0.6246,False,0.3909,0.7819
222,605,372,613,SPETSNAZ GRU,75,6,6,0.375,0.261,44.88,0.3168,0.334,36.33,0.2565,4.03,0.3123,0.4164,True,0.3329,0.4439
223,298,320,421,JÆGERE,50,6,6,0.375,0.254,46.7,0.3297,0.369,38.47,0.2716,3.49,0.3117,0.6233,True,0.3515,0.703
224,629,321,616,LRS,80,6,6,0.375,0.254,46.7,0.3297,0.369,38.47,0.2716,3.49,0.3117,0.3896,True,0.3515,0.4394
225,538,131,402,SPADOCHRONIARZE (METIS),65,9,9,0.5625,0.153,32.27,0.2278,0.483,37.96,0.268,2.04,0.3115,0.4792,True,0.4679,0.7198
226,218,233,211,FUSILIER (RL-83),45,9,9,0.5625,0.153,32.27,0.2278,0.357,32.27,0.2278,1.29,0.3115,0.6922,False,0.4031,0.8958
227,157,234,121,FUSILIER ,40,9,9,0.5625,0.153,32.27,0.2278,0.357,32.27,0.2278,2.02,0.3115,0.7788,False,0.4031,1.0078
228,299,286,384,B.G.S.,50,9,9,0.5625,0.152,32.59,0.2301,0.275,32.59,0.2301,1.68,0.3114,0.6228,False,0.3665,0.7329
229,300,235,292,MOR. PEKHOTA (RPG-22),50,9,9,0.5625,0.151,32.27,0.2278,0.351,32.27,0.2278,2.76,0.3104,0.6208,False,0.4006,0.8011
230,413,236,395,MORSKAYA PEKHOTA,55,9,9,0.5625,0.151,32.27,0.2278,0.351,32.27,0.2278,1.83,0.3104,0.5644,False,0.4006,0.7283
231,486,134,327,DESANT. MOR. PEKHOTA,60,9,9,0.5625,0.151,32.27,0.2278,0.475,37.96,0.268,1.57,0.3104,0.5173,True,0.4644,0.774
232,414,135,252,DESANT. OCHRONA,55,9,9,0.5625,0.151,32.27,0.2278,0.475,37.96,0.268,1.8,0.3104,0.5644,True,0.4644,0.8444
233,226,96,83,PIONIERS,45,9,9,0.5625,0.151,32.12,0.2268,0.511,53.48,0.3775,0,0.3101,0.6892,True,0.5023,1.1163
234,301,97,125,DESANT. SAPERZY,50,9,9,0.5625,0.151,32.12,0.2268,0.511,53.48,0.3775,0,0.3101,0.6203,True,0.5023,1.0047
235,8,166,7,RES. GENIE,25,8,8,0.5,0.172,40.44,0.2855,0.41,60.64,0.4281,0,0.3094,1.2377,True,0.4452,1.781
236,91,808,725,FLA-MG ZPU-4,35,1,4,0.25,0.258,73.68,0.5202,0,0,0.0,0,0.3076,0.8788,False,0.0875,0.25
237,544,227,500,AIRMOBILE SCOUTS,65,8,8,0.5,0.172,39.18,0.2766,0.399,39.18,0.2766,2.39,0.3076,0.4732,False,0.41,0.6308
238,491,138,329,FALLSCHIRMJÄGER (s.MG),60,7,7,0.4375,0.221,38.84,0.2742,0.545,45.7,0.3226,3.49,0.3075,0.5124,True,0.4629,0.7716
239,493,196,411,KAMPFSCHWIMMER,60,6,6,0.375,0.231,50.76,0.3583,0.46,62.07,0.4382,0,0.3071,0.5118,True,0.426,0.71
240,163,141,62,MOR. SAPERI (RPO),40,6,5,0.3125,0.236,64.47,0.4551,0.541,75.84,0.5354,0,0.3067,0.7668,True,0.4598,1.1496
241,164,142,63,DESANT. SAPERI (RPO),40,6,5,0.3125,0.236,64.47,0.4551,0.541,75.84,0.5354,0,0.3067,0.7668,True,0.4598,1.1496
242,633,308,612,FERNSPAHER,80,6,6,0.375,0.231,50.38,0.3557,0.364,42.8,0.3021,3.49,0.3064,0.383,True,0.3556,0.4445
243,618,355,611,SPEZIALAUFKLÄRER,75,6,6,0.375,0.231,50.0,0.353,0.325,42.35,0.299,3.49,0.3058,0.4077,True,0.3372,0.4496
244,545,356,567,RT SHPz,65,6,6,0.375,0.231,50.0,0.353,0.325,42.35,0.299,3.49,0.3058,0.4705,True,0.3372,0.5187
245,498,215,435,GREEN BERETS,60,6,6,0.375,0.259,40.7,0.2873,0.479,48.54,0.3427,5.4,0.3051,0.5084,True,0.4155,0.6926
246,428,300,484,MOT.-SCHÜTZEN (SVD),55,8,8,0.5,0.16,41.0,0.2894,0.319,29.33,0.2071,2.39,0.3047,0.5541,False,0.36,0.6546
247,169,240,133,N.G. RIFLES (LAW),40,9,9,0.5625,0.135,33.11,0.2338,0.338,33.11,0.2338,2.17,0.3045,0.7612,False,0.3958,0.9896
248,96,243,80,RESERVISTES,35,9,9,0.5625,0.135,32.27,0.2278,0.339,32.27,0.2278,1.17,0.3032,0.8662,False,0.3948,1.128
388,501,157,255,PIONIER (Flam.),60,8,9,0.5625,0.136,31.83,0.2247,0.46,72.06,0.5087,0,0.3031,0.5051,True,0.5055,0.8425
250,244,133,110,TERRIERS PIONEERS,45,9,9,0.5625,0.142,29.53,0.2084,0.44,50.42,0.356,0,0.3025,0.6722,True,0.466,1.0355
251,331,316,415,BEVEILIGING CMG,50,7,7,0.4375,0.198,42.67,0.3012,0.31,42.67,0.3012,0.97,0.3025,0.6049,False,0.3528,0.7056
252,435,276,465,EXPLORADORES,55,9,9,0.5625,0.141,29.68,0.2095,0.295,29.68,0.2095,1.68,0.3021,0.5492,False,0.3716,0.6757
253,436,277,466,JÄGER AUFKL.,55,9,9,0.5625,0.141,29.68,0.2095,0.295,29.68,0.2095,1.72,0.3021,0.5492,False,0.3716,0.6757
254,333,278,367,JÄGER (CarlG),50,9,9,0.5625,0.141,29.68,0.2095,0.295,29.68,0.2095,1.8,0.3021,0.6041,False,0.3716,0.7433
255,334,279,368,JÄGER (PzF),50,9,9,0.5625,0.141,29.68,0.2095,0.295,29.68,0.2095,1.72,0.3021,0.6041,False,0.3716,0.7433
256,335,280,369,PZ.GRENADIER (M113),50,9,9,0.5625,0.141,29.68,0.2095,0.295,29.68,0.2095,1.72,0.3021,0.6041,False,0.3716,0.7433
257,507,221,445,DSh. KOM.,60,7,7,0.4375,0.196,42.67,0.3012,0.418,50.74,0.3582,2.76,0.3014,0.5023,True,0.4128,0.6881
258,622,383,623,RANGERS LDR.,75,5,6,0.375,0.22,50.31,0.3551,0.314,33.91,0.2394,1.36,0.3013,0.4017,True,0.3206,0.4275
259,338,285,372,INFANTERIE,50,9,9,0.5625,0.139,29.38,0.2074,0.292,29.38,0.2074,1.8,0.3011,0.6022,False,0.3699,0.7398
260,553,165,451,AERO-RIFLES LDR.,65,9,9,0.5625,0.139,28.8,0.2033,0.444,34.43,0.2431,2.39,0.3001,0.4616,True,0.4452,0.6849
261,344,128,156,SAPEURS (Flam.),50,7,8,0.5,0.166,35.37,0.2497,0.417,76.22,0.5381,0,0.2996,0.5991,True,0.4703,0.9407
262,445,261,434,MOTORISED SCOUTS,55,8,8,0.5,0.163,35.75,0.2524,0.346,35.75,0.2524,1.8,0.2988,0.5433,False,0.381,0.6928
263,108,752,711,BOFORS L70,35,1,4,0.25,0.168,96.0,0.6777,0,0,0.0,0,0.2987,0.8533,False,0.0875,0.25
264,109,762,716,CAA 40/70 P-87,35,1,4,0.25,0.168,96.0,0.6777,0,0,0.0,0,0.2987,0.8533,False,0.0875,0.25
265,110,766,717,LVK M/70 40mm,35,1,4,0.25,0.168,96.0,0.6777,0,0,0.0,0,0.2987,0.8533,False,0.0875,0.25
266,780,310,749,REZ. Br-5M 280mm,150,0,8,0.5,0.14,42.9,0.3029,0.265,42.9,0.3029,0,0.2986,0.1991,False,0.3549,0.2366
267,349,257,330,N.G. RIFLES (DRAGON),50,9,9,0.5625,0.129,30.96,0.2185,0.323,30.96,0.2185,1.85,0.2986,0.5972,False,0.3858,0.7715
268,350,258,331,N.G. RIFLES (M67),50,9,9,0.5625,0.129,30.96,0.2185,0.323,30.96,0.2185,0.95,0.2986,0.5972,False,0.3858,0.7715
269,641,189,550,FORMOZA,80,6,6,0.375,0.236,43.2,0.305,0.446,69.65,0.4917,3.49,0.2985,0.3731,True,0.4303,0.5378
270,351,190,235,FRØMÆND,50,6,6,0.375,0.236,43.2,0.305,0.446,69.65,0.4917,2.54,0.2985,0.597,True,0.4303,0.8605
271,446,191,315,PSSE-B,55,6,6,0.375,0.236,43.2,0.305,0.446,69.65,0.4917,5.4,0.2985,0.5428,True,0.4303,0.7823
272,595,270,549,DESANT. ROZP. SPECJALNE,70,6,6,0.375,0.236,43.2,0.305,0.39,50.82,0.3588,2.86,0.2985,0.4265,True,0.3784,0.5405
273,558,427,606,MOR. 2B9 82mm,65,1,2,0.125,0.195,117.14,0.8269,0.195,117.14,0.8269,0,0.297,0.4569,False,0.297,0.4569
274,559,428,607,DESANT. 2B9 WASILOK,65,1,2,0.125,0.195,117.14,0.8269,0.195,117.14,0.8269,0,0.297,0.4569,False,0.297,0.4569
275,560,429,608,DESANT. 2B9 VASILEK,65,1,2,0.125,0.195,117.14,0.8269,0.195,117.14,0.8269,0,0.297,0.4569,False,0.297,0.4569
276,523,430,584,2B9 VASILEK,60,1,2,0.125,0.195,117.14,0.8269,0.195,117.14,0.8269,0,0.297,0.495,False,0.297,0.495
277,113,281,99,NATRES,35,9,9,0.5625,0.127,29.53,0.2084,0.294,29.53,0.2084,2.17,0.2955,0.8443,False,0.371,1.06
278,175,283,169,HEIMAT-JÄGER,40,9,9,0.5625,0.126,29.68,0.2095,0.292,29.68,0.2095,1.66,0.2954,0.7386,False,0.3701,0.9253
279,262,284,266,HEIMAT-AUFKLÄRER,45,9,9,0.5625,0.126,29.68,0.2095,0.292,29.68,0.2095,1.6,0.2954,0.6565,False,0.3701,0.8225
280,465,346,508,PANZERMATROSEN,55,8,8,0.5,0.145,37.53,0.265,0.285,25.87,0.1826,1.83,0.2933,0.5333,False,0.3399,0.618
281,384,352,467,GVARDEITSY (SVD),50,8,8,0.5,0.143,37.53,0.265,0.28,25.87,0.1826,2.76,0.2922,0.5844,False,0.3373,0.6747
282,385,357,469,CHASSEURS,50,8,8,0.5,0.143,37.39,0.264,0.279,25.72,0.1816,1.68,0.2919,0.5838,False,0.337,0.6739
286,65,795,697,M55 Maxson,30,1,4,0.25,0.239,68.42,0.483,0,0,0.0,0,0.2919,0.9729,False,0.0875,0.2917
284,63,793,695,"FIRLING 12,7mm",30,1,4,0.25,0.239,68.42,0.483,0,0,0.0,0,0.2919,0.9729,False,0.0875,0.2917
286,65,795,697,M55 Maxson,30,1,4,0.25,0.239,68.42,0.483,0,0,0.0,0,0.2919,0.9729,False,0.0875,0.2917
286,65,795,697,M55 Maxson,30,1,4,0.25,0.239,68.42,0.483,0,0,0.0,0,0.2919,0.9729,False,0.0875,0.2917
287,386,358,470,SPAHIS,50,8,8,0.5,0.143,37.39,0.264,0.279,25.72,0.1816,1.68,0.2919,0.5838,False,0.337,0.6739
288,567,359,568,HUSSARDS-PARA.,65,8,8,0.5,0.143,37.39,0.264,0.279,25.72,0.1816,4.72,0.2919,0.4491,False,0.337,0.5184
289,568,360,569,RAZVEDKA PV KGB,65,8,8,0.5,0.143,37.39,0.264,0.279,25.72,0.1816,0,0.2919,0.4491,False,0.337,0.5184
290,466,361,511,POGRANVOISKA KGB,55,8,8,0.5,0.143,37.39,0.264,0.279,25.72,0.1816,2.76,0.2919,0.5308,False,0.337,0.6127
291,469,269,442,MECH. RIFLES (C6),55,8,8,0.5,0.148,35.15,0.2482,0.345,35.15,0.2482,1.8,0.2913,0.5296,False,0.3797,0.6903
292,471,292,478,VELITEL STŘELCŮ,55,8,8,0.5,0.159,31.2,0.2203,0.324,31.67,0.2236,2.39,0.2906,0.5283,False,0.3656,0.6647
293,182,317,222,INFANTERI,40,8,8,0.5,0.154,32.67,0.2306,0.292,32.67,0.2306,1.8,0.2904,0.7259,False,0.3524,0.881
294,609,318,576,PANSERINFANTERIFØRER,70,8,8,0.5,0.154,32.67,0.2306,0.292,32.67,0.2306,0,0.2904,0.4148,False,0.3524,0.5034
295,392,262,342,MOT.-SCHÜTZEN (BTR),50,8,8,0.5,0.153,32.53,0.2297,0.355,32.53,0.2297,2.02,0.2896,0.5792,False,0.3807,0.7615
296,476,263,436,MOT.-SCHÜTZEN (Metis),55,8,8,0.5,0.153,32.53,0.2297,0.355,32.53,0.2297,2.04,0.2896,0.5266,False,0.3807,0.6922
297,477,264,437,MOT.-SCHÜTZEN (Strela),55,8,8,0.5,0.153,32.53,0.2297,0.355,32.53,0.2297,2.39,0.2896,0.5266,False,0.3807,0.6922
298,478,265,438,RES. PARA-COMMANDO,55,8,8,0.5,0.153,32.53,0.2297,0.355,32.53,0.2297,2.02,0.2896,0.5266,False,0.3807,0.6922
768,698,694,640,ECLAIREURS,55,8,8,0.5,0.153,32.53,0.2297,0.355,32.53,0.2297,1.29,0.2896,0.5266,False,0.3807,0.6922
300,71,259,46,REZ. PULEMETCHIKI,30,8,8,0.5,0.141,35.57,0.2511,0.352,35.57,0.2511,0,0.2886,0.9619,False,0.3837,1.2791
301,122,333,132,GENDARMES DE L'AIR,35,8,8,0.5,0.149,32.38,0.2286,0.28,32.38,0.2286,0,0.2876,0.8218,False,0.3466,0.9902
302,398,176,225,ASSAULT PIONEERS (Carl.G),50,8,8,0.5,0.148,32.53,0.2297,0.465,38.27,0.2702,1.8,0.2874,0.5748,True,0.4383,0.8766
303,279,117,100,ASSAULT PIONEERS,45,8,8,0.5,0.148,32.53,0.2297,0.501,53.96,0.3809,0,0.2874,0.6387,True,0.4767,1.0593
304,582,177,468,PARAS,65,8,8,0.5,0.148,32.53,0.2297,0.465,38.27,0.2702,4.49,0.2874,0.4422,True,0.4383,0.6743
305,481,273,453,RIFLES,55,8,8,0.5,0.148,32.53,0.2297,0.344,32.53,0.2297,4.49,0.2874,0.5226,False,0.3756,0.6829
306,613,178,506,PARA. SCOUTS,70,8,8,0.5,0.148,32.53,0.2297,0.465,38.27,0.2702,2.39,0.2874,0.4106,True,0.4383,0.6261
307,483,374,517,VELITEL POHRANIČNÍKŮ,55,8,8,0.5,0.143,34.07,0.2405,0.279,22.4,0.1581,0,0.2872,0.5223,False,0.3323,0.6042
308,280,375,377,MOTOSTRELKI MVD (SVD),45,8,8,0.5,0.143,34.07,0.2405,0.279,22.4,0.1581,1.57,0.2872,0.6383,False,0.3323,0.7385
309,484,365,514,PIECHOTA DOW.,55,8,8,0.5,0.143,34.07,0.2405,0.284,22.87,0.1614,1.8,0.2872,0.5223,False,0.3351,0.6093
310,539,271,502,AIRMOBILE LDR.,60,8,8,0.5,0.147,32.24,0.2276,0.348,32.71,0.2309,0,0.2869,0.4781,False,0.3777,0.6295
311,188,274,162,CHASSEURS ARDENNAIS,40,8,8,0.5,0.147,32.24,0.2276,0.343,32.24,0.2276,2.02,0.2869,0.7172,False,0.3749,0.9372
312,190,301,209,GENDARMES MOBILES,40,8,8,0.5,0.147,32.14,0.2269,0.308,32.14,0.2269,0.82,0.2864,0.7161,False,0.359,0.8975
313,194,378,262,REZERVISTI (SVD),40,8,8,0.5,0.126,37.53,0.265,0.265,25.87,0.1826,2.51,0.2845,0.7113,False,0.3308,0.827
314,408,291,386,USMC AERO-RIFLEMEN,50,8,8,0.5,0.139,32.53,0.2297,0.322,32.53,0.2297,2.39,0.2833,0.5666,False,0.366,0.732
315,409,322,422,DESANT. MOR. RAZVEDKA,50,6,6,0.375,0.202,43.23,0.3052,0.329,50.86,0.3591,1.06,0.2833,0.5666,True,0.3512,0.7025
316,412,127,157,SAPERZY ZWIADOWCY,50,8,8,0.5,0.147,28.92,0.2042,0.5,49.71,0.351,0,0.2822,0.5644,True,0.4703,0.9406
317,131,387,177,GARDES REPUBLICAINS (FR-F1),35,8,8,0.5,0.131,34.07,0.2405,0.251,22.4,0.1581,0,0.2818,0.8053,False,0.3197,0.9136
318,658,294,609,SPETSRAZVEDKA,80,8,8,0.5,0.131,34.07,0.2405,0.34,26.35,0.186,3.92,0.2818,0.3523,True,0.3652,0.4566
319,76,801,698,"PLČK vz.53 12,7mm",30,1,4,0.25,0.228,65.0,0.4589,0,0,0.0,0,0.2817,0.9388,False,0.0875,0.2917
320,588,332,557,FORCE RECON,65,5,6,0.375,0.172,51.52,0.3637,0.378,32.37,0.2286,3.49,0.2814,0.4329,True,0.3471,0.534
321,496,295,483,MECH. RECCE,55,8,8,0.5,0.136,31.83,0.2247,0.317,31.83,0.2247,1.8,0.2812,0.5113,False,0.3625,0.659
322,415,296,398,MECH. RIFLES,50,8,8,0.5,0.136,31.83,0.2247,0.317,31.83,0.2247,1.8,0.2812,0.5624,False,0.3625,0.7249
323,589,293,540,MARSOUINS ECLAIREURS,65,8,8,0.5,0.136,31.83,0.2247,0.322,32.3,0.228,4.72,0.2812,0.4326,False,0.3653,0.562
324,497,334,503,FUSILEROS (BMR) MANDO,55,8,8,0.5,0.141,29.96,0.2115,0.283,30.43,0.2148,0,0.2806,0.5102,False,0.3453,0.6278
325,417,319,418,FUSILIERS,50,8,8,0.5,0.139,30.19,0.2131,0.299,30.19,0.2131,2.39,0.2801,0.5602,False,0.3522,0.7043
326,136,756,712,FLAK S-60 57mm,35,1,4,0.25,0.193,73.69,0.5202,0,0,0.0,0,0.2786,0.796,False,0.0875,0.25
328,138,758,714,AZP S-60 57mm,35,1,4,0.25,0.193,73.69,0.5202,0,0,0.0,0,0.2786,0.796,False,0.0875,0.25
328,138,758,714,AZP S-60 57mm,35,1,4,0.25,0.193,73.69,0.5202,0,0,0.0,0,0.2786,0.796,False,0.0875,0.25
329,139,761,715,BOFORS 57mm m/54,35,1,4,0.25,0.193,73.69,0.5202,0,0,0.0,0,0.2786,0.796,False,0.0875,0.25
330,140,800,724,PLK čs 57mm,35,1,4,0.25,0.193,73.69,0.5202,0,0,0.0,0,0.2786,0.796,False,0.0875,0.25
331,421,146,176,PIO.AUFK.-TAUCHER,50,8,8,0.5,0.138,29.07,0.2052,0.471,49.88,0.3521,0,0.2782,0.5563,True,0.4572,0.9144
332,502,216,354,DSh. (Metis),55,8,8,0.5,0.136,29.07,0.2052,0.427,34.2,0.2414,2.04,0.2771,0.5037,True,0.4154,0.7552
334,424,149,181,RAZVEDKA SAPERI,50,8,8,0.5,0.136,29.07,0.2052,0.463,49.88,0.3521,0,0.2771,0.5541,True,0.4537,0.9075
334,424,149,181,RAZVEDKA SAPERI,50,8,8,0.5,0.136,29.07,0.2052,0.463,49.88,0.3521,0,0.2771,0.5541,True,0.4537,0.9075
335,305,302,296,GVARDEITSY,45,8,8,0.5,0.136,29.07,0.2052,0.315,29.07,0.2052,1.83,0.2771,0.6157,False,0.358,0.7956
336,425,303,404,GVARDEITSY (Metis),50,8,8,0.5,0.136,29.07,0.2052,0.315,29.07,0.2052,2.04,0.2771,0.5541,False,0.358,0.716
337,306,304,297,MOTOSTRELKI,45,8,8,0.5,0.136,29.07,0.2052,0.315,29.07,0.2052,1.83,0.2771,0.6157,False,0.358,0.7956
338,307,305,298,MOTOSTRELKI (RPG-26),45,8,8,0.5,0.136,29.07,0.2052,0.315,29.07,0.2052,3.92,0.2771,0.6157,False,0.358,0.7956
340,427,307,406,MOTOSTRELKI (Metis),50,8,8,0.5,0.136,29.07,0.2052,0.315,29.07,0.2052,2.04,0.2771,0.5541,False,0.358,0.716
340,427,307,406,MOTOSTRELKI (Metis),50,8,8,0.5,0.136,29.07,0.2052,0.315,29.07,0.2052,2.04,0.2771,0.5541,False,0.358,0.716
341,217,344,242,TERRIERS ,40,8,8,0.5,0.137,28.62,0.202,0.278,28.62,0.202,2.39,0.2771,0.6928,False,0.3406,0.8515
342,290,150,119,PIONIER,40,8,8,0.5,0.135,28.92,0.2042,0.462,49.71,0.351,0,0.2768,0.692,True,0.4533,1.1332
344,221,152,77,SAPERI,40,8,8,0.5,0.135,28.92,0.2042,0.462,49.71,0.351,0,0.2768,0.692,True,0.4533,1.1332
344,221,152,77,SAPERI,40,8,8,0.5,0.135,28.92,0.2042,0.462,49.71,0.351,0,0.2768,0.692,True,0.4533,1.1332
345,308,153,122,SAPEURS- PARAS,45,8,8,0.5,0.135,28.92,0.2042,0.462,49.71,0.351,0,0.2768,0.6151,True,0.4533,1.0073
346,503,217,355,CMDT SAPEURS,55,8,8,0.5,0.135,28.92,0.2042,0.426,34.03,0.2402,0,0.2768,0.5033,True,0.4149,0.7544
347,309,154,123,LEGION.-SAPEURS,45,8,8,0.5,0.135,28.92,0.2042,0.462,49.71,0.351,0,0.2768,0.6151,True,0.4533,1.0073
348,222,347,248,INFANTERI (PNÆV),40,8,8,0.5,0.136,28.77,0.2031,0.275,28.77,0.2031,2.39,0.2767,0.6918,False,0.3394,0.8484
349,147,140,39,REZ. SAPERI,35,8,8,0.5,0.132,29.07,0.2052,0.479,49.88,0.3521,0,0.2754,0.7869,True,0.4612,1.3176
350,229,315,221,GARDES REPUBLICAINS,40,8,8,0.5,0.132,28.92,0.2042,0.306,28.92,0.2042,0.82,0.275,0.6876,False,0.3535,0.8839
351,772,404,747,REZ. B-4M 203mm,130,0,8,0.5,0.1,38.61,0.2726,0.189,38.61,0.2726,0,0.2746,0.2112,False,0.3148,0.2421
352,437,362,471,RESERVE LDR.,50,8,8,0.5,0.125,30.43,0.2148,0.264,30.43,0.2148,1.66,0.2744,0.5488,False,0.3369,0.6738
353,561,229,462,PARA-COMMANDO (RL),60,8,8,0.5,0.13,28.72,0.2027,0.409,33.78,0.2385,2.02,0.274,0.4566,True,0.4066,0.6776
354,438,230,283,PARA-COMMANDO,50,8,8,0.5,0.13,28.72,0.2027,0.409,33.78,0.2385,2.02,0.274,0.5479,True,0.4066,0.8131
355,150,364,153,MILITÄRSTREIFEN (l.MG),35,7,7,0.4375,0.16,34.27,0.2419,0.298,34.27,0.2419,0,0.2736,0.7819,False,0.3354,0.9583
356,234,311,215,MOTOSTRELKI MVD,40,8,8,0.5,0.137,25.6,0.1807,0.319,25.6,0.1807,2.02,0.2729,0.6822,False,0.3548,0.887
357,521,214,353,DOW. NIEBIESKIE BERETY,55,8,8,0.5,0.137,25.6,0.1807,0.438,30.67,0.2165,1.8,0.2729,0.4962,True,0.4156,0.7556
358,604,312,547,RESERVISTEN FÜH.,65,8,8,0.5,0.137,25.6,0.1807,0.319,25.6,0.1807,0,0.2729,0.4198,False,0.3548,0.5458
359,332,314,311,ALASKAN CAV. SCOUTS,45,8,8,0.5,0.122,29.91,0.2112,0.304,29.91,0.2112,0.95,0.2719,0.6043,False,0.3541,0.7869
360,336,389,413,PIECHOTA ZMECH. (SVD),45,7,7,0.4375,0.146,37.51,0.2648,0.287,25.84,0.1825,1.57,0.2717,0.6039,False,0.3188,0.7085
361,632,51,289,NIEB. BERETY SAPERZY (LPO-50),70,6,9,0.5625,0.103,19.2,0.1355,0.418,126.41,0.8924,0,0.2703,0.3861,True,0.5632,0.8046
362,341,205,164,INGENIØRER,45,8,8,0.5,0.127,26.82,0.1893,0.397,47.24,0.3335,2.39,0.2699,0.5997,True,0.4203,0.934
363,607,260,523,FALLSCHIRMJÄGER,65,8,8,0.5,0.127,26.82,0.1893,0.361,31.55,0.2228,5.57,0.2699,0.4152,True,0.3819,0.5875
364,453,368,475,FALLSCHIRM-RESERVISTEN,50,8,8,0.5,0.127,26.82,0.1893,0.267,26.82,0.1893,1.8,0.2699,0.5397,False,0.3329,0.6657
365,454,369,476,JINETES,50,8,8,0.5,0.127,26.82,0.1893,0.267,26.82,0.1893,4.78,0.2699,0.5397,False,0.3329,0.6657
366,342,370,374,FUSILEROS (BMR),45,8,8,0.5,0.127,26.82,0.1893,0.267,26.82,0.1893,4.78,0.2699,0.5997,False,0.3329,0.7397
367,343,371,375,PANSERINFANTERI,45,8,8,0.5,0.127,26.82,0.1893,0.267,26.82,0.1893,1.8,0.2699,0.5997,False,0.3329,0.7397
368,608,414,600,SEP/VLK,65,6,6,0.375,0.199,34.61,0.2444,0.284,35.17,0.2483,3.49,0.2698,0.4151,False,0.3086,0.4748
369,240,323,226,REZ. RAZVEDKA,40,8,8,0.5,0.119,29.07,0.2052,0.299,29.07,0.2052,1.46,0.2697,0.6743,False,0.3507,0.8766
370,455,325,424,REZERVISTI KOM.,50,8,8,0.5,0.12,28.92,0.2042,0.299,28.92,0.2042,1.46,0.2697,0.5394,False,0.3505,0.7011
371,162,324,128,REZERVISTI,35,8,8,0.5,0.119,29.07,0.2052,0.299,29.07,0.2052,1.46,0.2697,0.7706,False,0.3507,1.0019
372,569,297,518,DESANT. AFGANTSY,60,7,7,0.4375,0.139,37.8,0.2668,0.368,30.74,0.217,2.76,0.2692,0.4487,True,0.3621,0.6034
373,348,212,168,GENIE,45,8,8,0.5,0.125,26.52,0.1873,0.393,46.89,0.331,0.87,0.2689,0.5975,True,0.418,0.929
374,458,376,480,PANTSERVERKENNERS,50,8,8,0.5,0.125,26.52,0.1873,0.264,26.52,0.1873,1.8,0.2689,0.5378,False,0.3312,0.6623
375,529,267,441,TERRIERS PARAS (CarlG),55,8,8,0.5,0.125,26.52,0.1873,0.357,31.21,0.2203,1.8,0.2689,0.4889,True,0.3797,0.6903
376,459,268,346,TERRIERS PARAS,50,8,8,0.5,0.125,26.52,0.1873,0.357,31.21,0.2203,2.39,0.2689,0.5378,True,0.3797,0.7593
377,245,213,103,SAPEURS,40,8,8,0.5,0.125,26.52,0.1873,0.393,46.89,0.331,0,0.2689,0.6722,True,0.418,1.0451
378,656,392,625,ESR-GVP,75,5,6,0.375,0.155,46.94,0.3314,0.33,26.99,0.1905,2.95,0.2674,0.3565,True,0.3178,0.4237
379,464,338,447,MOT. AIRMOBILE LDR.,50,8,8,0.5,0.123,25.6,0.1807,0.292,26.07,0.184,0,0.2667,0.5334,False,0.3432,0.6865
380,168,345,140,ESCORTE PC,35,8,8,0.5,0.123,25.6,0.1807,0.287,25.6,0.1807,0,0.2667,0.762,False,0.3404,0.9726
381,732,239,636,CMDT PARA-CMDO.,100,8,8,0.5,0.123,25.6,0.1807,0.395,30.67,0.2165,2.02,0.2667,0.2667,True,0.3961,0.3961
382,704,248,605,CMDT SAPEURS-PARAS,85,8,8,0.5,0.123,25.6,0.1807,0.389,30.12,0.2126,0,0.2667,0.3138,True,0.3924,0.4617
383,532,249,409,CMDT LEGION.-SAPEURS,55,8,8,0.5,0.123,25.6,0.1807,0.389,30.12,0.2126,0,0.2667,0.4849,True,0.3924,0.7135
384,254,309,212,MECH. FUSILIER ,40,7,7,0.4375,0.149,32.65,0.2305,0.347,32.65,0.2305,2.02,0.2664,0.6659,False,0.3554,0.8885
385,365,335,341,N.G. CAV. SCOUTS (DRAGON),45,8,8,0.5,0.115,27.76,0.196,0.289,27.76,0.196,1.3,0.2661,0.5913,False,0.344,0.7645
386,255,336,236,N.G. CAV. SCOUTS (LAW),40,8,8,0.5,0.115,27.76,0.196,0.289,27.76,0.196,2.17,0.2661,0.6652,False,0.344,0.8601
387,581,366,541,SHPz,60,6,6,0.375,0.182,37.19,0.2625,0.364,27.28,0.1926,3.49,0.2655,0.4425,True,0.3334,0.5556
388,501,157,255,PIONIER (Flam.),50,7,8,0.5,0.12,25.72,0.1816,0.409,64.87,0.458,0,0.2653,0.5307,True,0.4506,0.9013
389,536,158,270,SAPEURS-PARAS (Flam.),55,7,8,0.5,0.12,25.72,0.1816,0.409,64.87,0.458,0,0.2653,0.4824,True,0.4506,0.8193
390,537,159,271,LEGION.-SAPEURS (Flam.),55,7,8,0.5,0.12,25.72,0.1816,0.409,64.87,0.458,0,0.2653,0.4824,True,0.4506,0.8193
391,258,184,89,REZ. SAPERI (LPO),40,7,8,0.5,0.118,25.62,0.1808,0.374,64.74,0.4571,0,0.2643,0.6607,True,0.4349,1.0872
392,472,222,268,AIRBORNE GUNNERS,50,7,7,0.4375,0.144,32.37,0.2285,0.453,38.08,0.2688,2.39,0.2636,0.5272,True,0.4108,0.8216
393,376,223,178,DSh. PULEMETCHIKI,45,7,7,0.4375,0.144,32.37,0.2285,0.453,38.08,0.2688,2.39,0.2636,0.5858,True,0.4108,0.9129
394,377,327,318,GV. PULEMETCHIKI,45,7,7,0.4375,0.144,32.37,0.2285,0.335,32.37,0.2285,2.76,0.2636,0.5858,False,0.3495,0.7768
395,378,328,319,MOT.-SCHÜTZEN (s.MG),45,7,7,0.4375,0.144,32.37,0.2285,0.335,32.37,0.2285,2.39,0.2636,0.5858,False,0.3495,0.7768
397,380,330,321,PULEMETCHIKI,45,7,7,0.4375,0.144,32.37,0.2285,0.335,32.37,0.2285,2.76,0.2636,0.5858,False,0.3495,0.7768
397,380,330,321,PULEMETCHIKI,45,7,7,0.4375,0.144,32.37,0.2285,0.335,32.37,0.2285,2.76,0.2636,0.5858,False,0.3495,0.7768
398,381,331,322,GUNNERS,45,7,7,0.4375,0.144,32.37,0.2285,0.335,32.37,0.2285,2.39,0.2636,0.5858,False,0.3495,0.7768
399,474,224,269,DESANT. PULEMETCHIKI,50,7,7,0.4375,0.144,32.37,0.2285,0.453,38.08,0.2688,2.76,0.2636,0.5272,True,0.4108,0.8216
400,45,753,652,53T2 20mm,25,1,4,0.25,0.14,80.0,0.5648,0,0,0.0,0,0.2635,1.0538,False,0.0875,0.35
401,92,754,691,LEGION. 53T2 20mm,30,1,4,0.25,0.14,80.0,0.5648,0,0,0.0,0,0.2635,0.8782,False,0.0875,0.2917
402,93,755,692,PARA. 53T2 20mm,30,1,4,0.25,0.14,80.0,0.5648,0,0,0.0,0,0.2635,0.8782,False,0.0875,0.2917
403,94,770,693,Fs-FK20-2 20mm,30,1,4,0.25,0.14,80.0,0.5648,0,0,0.0,0,0.2635,0.8782,False,0.0875,0.2917
404,46,771,655,FK20-2 20mm,25,1,4,0.25,0.14,80.0,0.5648,0,0,0.0,0,0.2635,1.0538,False,0.0875,0.35
405,47,773,656,CAA 20/120 GAI-BO1,25,1,4,0.25,0.14,80.0,0.5648,0,0,0.0,0,0.2635,1.0538,False,0.0875,0.35
406,475,818,795,C20/120 GAI-BO1,50,1,4,0.25,0.14,80.0,0.5648,0,0,0.0,0,0.2635,0.5269,False,0.0875,0.175
407,261,418,350,SEK,40,6,6,0.375,0.162,41.67,0.2942,0.271,35.29,0.2492,0,0.2632,0.658,True,0.3028,0.7571
408,174,241,78,HJV INGENIØRER,35,8,8,0.5,0.109,24.81,0.1752,0.35,44.87,0.3168,0.87,0.2592,0.7404,True,0.3957,1.1304
409,397,348,356,DSh. (RPG-7),45,7,7,0.4375,0.127,34.33,0.2424,0.33,26.67,0.1883,2.02,0.2589,0.5752,True,0.3391,0.7536
410,723,339,646,PARA. CMDT,90,7,7,0.4375,0.127,34.19,0.2414,0.336,27.05,0.1909,0,0.2586,0.2873,True,0.3424,0.3804
411,102,377,86,LIDOVÁ MILICE,30,8,8,0.5,0.109,24.1,0.1702,0.272,24.1,0.1702,1.81,0.2579,0.8596,False,0.3312,1.1041
412,488,237,293,KOMANDOSI,50,6,6,0.375,0.183,31.36,0.2214,0.481,37.55,0.2651,2.22,0.2577,0.5154,True,0.4005,0.801
413,265,353,253,ZAPADORES MANDO,40,6,6,0.375,0.168,36.0,0.2541,0.325,42.35,0.299,0,0.2577,0.6442,True,0.3372,0.8429
414,268,354,254,WACH. PANZERJÄGER,40,6,6,0.375,0.168,36.0,0.2541,0.325,42.35,0.299,3.67,0.2577,0.6442,True,0.3372,0.8429
415,753,436,707,CMDT FUSILIERS,105,6,6,0.375,0.168,36.0,0.2541,0.245,36.47,0.2574,1.8,0.2577,0.2454,False,0.2929,0.279
416,489,341,454,MOT. PRŮZKUMNÍCI,50,7,7,0.4375,0.141,29.05,0.205,0.327,29.05,0.205,1.57,0.2574,0.5148,False,0.3413,0.6826
417,271,342,240,MOTOSTŘELCI (RPG7),40,7,7,0.4375,0.141,29.05,0.205,0.327,29.05,0.205,1.57,0.2574,0.6435,False,0.3413,0.8532
418,272,343,241,MOTOSTŘELCI,40,7,7,0.4375,0.141,29.05,0.205,0.327,29.05,0.205,2.39,0.2574,0.6435,False,0.3413,0.8532
419,594,382,555,VELITEL MOTOSTŘELCŮ,60,7,7,0.4375,0.142,28.0,0.1977,0.284,28.47,0.201,0,0.2564,0.4274,False,0.3213,0.5354
420,278,349,251,MECH. FUSILIER (RL-83),40,7,7,0.4375,0.137,29.33,0.2071,0.319,29.33,0.2071,1.29,0.2563,0.6407,False,0.3382,0.8454
421,406,350,358,MOT.-SCHÜTZEN,45,7,7,0.4375,0.137,29.33,0.2071,0.319,29.33,0.2071,2.02,0.2563,0.5695,False,0.3382,0.7515
422,490,351,464,MOT.-SCHÜTZEN (RPG-27),50,7,7,0.4375,0.137,29.33,0.2071,0.319,29.33,0.2071,4.55,0.2563,0.5126,False,0.3382,0.6763
423,282,367,259,ARM. RIFLES,40,7,7,0.4375,0.132,29.33,0.2071,0.308,29.33,0.2071,2.39,0.2541,0.6352,False,0.333,0.8326
424,285,441,401,MOTOSTRELKI MVD (BMP),40,7,7,0.4375,0.125,30.87,0.2179,0.239,19.2,0.1355,1.8,0.2531,0.6328,False,0.288,0.7199
425,183,245,81,DSh. SAPERI (Rys),35,5,5,0.3125,0.172,46.97,0.3316,0.46,55.25,0.3901,0,0.253,0.7229,True,0.3942,1.1264
426,289,253,139,GENIE PARACHUTISTE,40,6,6,0.375,0.156,36.63,0.2586,0.39,58.78,0.415,0,0.253,0.6324,True,0.3895,0.9738
427,649,410,614,URSN RAZV.,70,6,6,0.375,0.166,33.2,0.2344,0.325,22.59,0.1595,3.49,0.2528,0.3611,True,0.3093,0.4418
428,5,275,1,RESERVE PIONIER,15,6,6,0.375,0.156,36.0,0.2541,0.356,58.04,0.4097,0,0.2523,1.6819,True,0.3735,2.4901
429,118,519,281,DECKUNGSGRUPPE,30,6,6,0.375,0.13,42.68,0.3013,0.19,19.35,0.1366,0,0.2501,0.8338,False,0.2443,0.8142
430,296,379,267,GRENZER,40,7,7,0.4375,0.133,25.87,0.1826,0.309,25.87,0.1826,0,0.2495,0.6236,False,0.3288,0.822
431,430,386,410,USMC SECURITY,45,7,7,0.4375,0.115,30.87,0.2179,0.298,23.14,0.1633,3.82,0.2485,0.5522,True,0.3199,0.7109
432,520,380,488,ZMOT. ZWIAD,50,7,7,0.4375,0.13,25.72,0.1816,0.303,25.72,0.1816,1.57,0.2481,0.4962,False,0.3259,0.6517
433,302,381,280,PIECHOTA ZMECH.,40,7,7,0.4375,0.13,25.72,0.1816,0.303,25.72,0.1816,1.57,0.2481,0.6202,False,0.3259,0.8147
434,695,431,639,PARUSNIKI,75,6,6,0.375,0.153,33.2,0.2344,0.292,22.59,0.1595,5.47,0.2469,0.3291,True,0.2946,0.3929
435,524,432,522,WACH. AUFK.,50,6,6,0.375,0.153,33.2,0.2344,0.292,22.59,0.1595,4.03,0.2469,0.4937,True,0.2946,0.5893
436,443,390,414,MOT. AUFKLÄRER,45,7,7,0.4375,0.123,25.87,0.1826,0.285,25.87,0.1826,2.39,0.2448,0.5441,False,0.318,0.7067
437,315,391,299,SICHERUNGS,40,7,7,0.4375,0.123,25.87,0.1826,0.285,25.87,0.1826,2.39,0.2448,0.6121,False,0.318,0.7951
438,321,287,174,DSh. (RPG-16),40,7,7,0.4375,0.12,25.87,0.1826,0.378,30.43,0.2148,1.06,0.2437,0.6093,True,0.3663,0.9158
439,322,395,306,GVARDEITSY (BMP),40,7,7,0.4375,0.12,25.87,0.1826,0.28,25.87,0.1826,2.02,0.2437,0.6093,False,0.3155,0.7886
440,530,288,385,DSh. MOT. RAZVEDKA,50,7,7,0.4375,0.12,25.87,0.1826,0.378,30.43,0.2148,3.92,0.2437,0.4874,True,0.3663,0.7326
442,449,397,426,MOT. RAZVEDKA,45,7,7,0.4375,0.12,25.87,0.1826,0.28,25.87,0.1826,2.76,0.2437,0.5416,False,0.3155,0.701
442,449,397,426,MOT. RAZVEDKA,45,7,7,0.4375,0.12,25.87,0.1826,0.28,25.87,0.1826,2.76,0.2437,0.5416,False,0.3155,0.701
443,199,398,191,MOTOSTRELKI (RPG-22),35,7,7,0.4375,0.12,25.87,0.1826,0.28,25.87,0.1826,2.76,0.2437,0.6963,False,0.3155,0.9013
444,200,399,192,MOTOSTRELKI (RPG-7VS),35,7,7,0.4375,0.12,25.87,0.1826,0.28,25.87,0.1826,1.8,0.2437,0.6963,False,0.3155,0.9013
445,323,400,307,MOTOSTRELKI (BMP),40,7,7,0.4375,0.12,25.87,0.1826,0.28,25.87,0.1826,2.02,0.2437,0.6093,False,0.3155,0.7886
446,324,401,308,MOTOSTRELKI (RPG-27),40,7,7,0.4375,0.12,25.87,0.1826,0.28,25.87,0.1826,4.55,0.2437,0.6093,False,0.3155,0.7886
447,201,402,193,REZ. MOR. PEKHOTA,35,7,7,0.4375,0.12,25.87,0.1826,0.28,25.87,0.1826,2.39,0.2437,0.6963,False,0.3155,0.9013
448,580,289,474,DESANTNIKI (METIS),55,7,7,0.4375,0.12,25.87,0.1826,0.378,30.43,0.2148,2.04,0.2437,0.4431,True,0.3663,0.666
449,450,290,282,DESANTNIKI,45,7,7,0.4375,0.12,25.87,0.1826,0.378,30.43,0.2148,1.83,0.2437,0.5416,True,0.3663,0.814
450,452,408,433,USMC GUNNER,45,7,7,0.4375,0.116,26.71,0.1886,0.269,26.71,0.1886,2.39,0.2429,0.5399,False,0.312,0.6934
451,69,763,653,LVK M/60 40mm,25,1,4,0.25,0.123,70.0,0.4942,0,0,0.0,0,0.2415,0.9658,False,0.0875,0.35
452,70,764,654,M39/55 40mm,25,1,4,0.25,0.123,70.0,0.4942,0,0,0.0,0,0.2415,0.9658,False,0.0875,0.35
453,233,409,214,DRUZYNA PPANC.,35,7,7,0.4375,0.12,22.4,0.1581,0.279,22.4,0.1581,4.04,0.2388,0.6822,False,0.3104,0.887
454,352,299,194,DESANT. DRUZYNA PPANC.,40,7,7,0.4375,0.12,22.4,0.1581,0.378,26.35,0.186,4.04,0.2388,0.5969,True,0.3604,0.9009
455,540,406,505,DOW. PIECHOTA ZMECH.,50,7,7,0.4375,0.12,22.4,0.1581,0.284,22.87,0.1614,1.8,0.2388,0.4775,False,0.3133,0.6265
456,361,445,427,RIFLES PATROL,40,6,7,0.4375,0.106,26.2,0.185,0.22,19.67,0.1388,2.39,0.2379,0.5947,False,0.28,0.7
457,363,437,389,PANTSERINFANTERIE,40,7,7,0.4375,0.111,23.67,0.1671,0.235,23.67,0.1671,1.8,0.2367,0.5917,False,0.2924,0.731
458,364,438,390,PANTSERINF. (DRAGON),40,7,7,0.4375,0.111,23.67,0.1671,0.235,23.67,0.1671,1.4,0.2367,0.5917,False,0.2924,0.731
459,239,439,258, PANTSERINF. (LAW),35,7,7,0.4375,0.111,23.67,0.1671,0.235,23.67,0.1671,2.39,0.2367,0.6762,False,0.2924,0.8354
460,11,485,38,VOPOS,20,6,6,0.375,0.14,30.0,0.2118,0.2,30.0,0.2118,0,0.2366,1.183,False,0.2636,1.318
461,627,326,524,VELITEL VÝSADKÁŘŮ,60,6,6,0.375,0.158,23.04,0.1627,0.399,27.76,0.196,2.86,0.2349,0.3915,True,0.35,0.5833
462,382,405,312,ASSAULT PIONEERS LDR.,40,6,6,0.375,0.138,28.84,0.2036,0.3,33.94,0.2396,0,0.2343,0.5857,True,0.314,0.7851
463,485,423,481,GROUPE ANTICHAR,45,7,7,0.4375,0.108,22.4,0.1581,0.251,22.4,0.1581,9.43,0.2334,0.5186,False,0.2979,0.6619
489,250,493,243,TANK HUNTERS,35,7,7,0.4375,0.108,22.4,0.1581,0.251,22.4,0.1581,7.64,0.2334,0.6668,False,0.2979,0.8511
465,548,337,446,PARA. GROUPE ANTICHAR,50,7,7,0.4375,0.108,22.4,0.1581,0.34,26.35,0.186,9.43,0.2334,0.4667,True,0.3434,0.6867
466,549,425,521,KOM. POGRANVOISK KGB,50,7,7,0.4375,0.108,22.4,0.1581,0.251,22.4,0.1581,0,0.2334,0.4667,False,0.2979,0.5957
467,387,426,365,PANZERJÄGER,40,7,7,0.4375,0.108,22.4,0.1581,0.251,22.4,0.1581,3.67,0.2334,0.5834,False,0.2979,0.7447
468,550,419,520,CMDT FUSILIER ,50,7,7,0.4375,0.108,22.4,0.1581,0.256,22.87,0.1614,2.02,0.2334,0.4667,False,0.3007,0.6014
469,159,407,105,RESERVISTEN (S.MG),30,6,6,0.375,0.134,29.17,0.2059,0.311,29.17,0.2059,0,0.2326,0.7753,False,0.3124,1.0412
470,6,484,8,KURSANTY MVD,15,6,6,0.375,0.13,30.0,0.2118,0.2,30.0,0.2118,0,0.2321,1.5474,False,0.2636,1.7574
471,259,448,304,CMDT RESERVISTES,35,6,6,0.375,0.126,30.56,0.2157,0.226,30.56,0.2157,0,0.2311,0.6604,False,0.2763,0.7894
472,554,298,399,PARA. GUN GROUP,50,6,6,0.375,0.129,29.17,0.2059,0.405,34.31,0.2422,1.8,0.2303,0.4605,True,0.3617,0.7235
473,659,388,588,WACHSCHÜTZEN FÜH.,65,6,6,0.375,0.13,27.6,0.1948,0.315,33.02,0.2331,0,0.2289,0.3521,True,0.3194,0.4914
474,612,246,407,GRENZER (Flam.),55,6,7,0.4375,0.103,19.2,0.1355,0.355,57.2,0.4038,0,0.2265,0.4119,True,0.3937,0.7158
475,508,440,493,DESANTNIKI (BMD),45,6,6,0.375,0.112,31.13,0.2198,0.281,22.9,0.1617,2.02,0.2255,0.5011,True,0.2901,0.6446
476,517,435,487,DISMOUNT. TROOPERS,45,6,6,0.375,0.115,29.6,0.209,0.268,29.6,0.209,3.82,0.2249,0.4997,False,0.2937,0.6526
477,756,520,708,REZ. ML-20 152mm,95,0,8,0.5,0.054,16.83,0.1188,0.101,16.83,0.1188,0,0.223,0.2347,False,0.244,0.2569
478,620,363,512,ECLAIREURS PARA-CMDO.,55,6,6,0.375,0.112,28.55,0.2015,0.351,33.59,0.2371,1.29,0.2218,0.4032,True,0.3367,0.6122
479,283,523,457,PZ.GRENADIER,35,6,6,0.375,0.107,29.91,0.2112,0.181,18.25,0.1288,1.72,0.2217,0.6334,False,0.2384,0.6813
480,181,553,352,HJV SPEJDERE,30,6,6,0.375,0.1,29.85,0.2108,0.156,18.19,0.1284,2.17,0.2184,0.728,False,0.227,0.7567
481,184,444,163,FIRE TEAM (LAW),30,6,6,0.375,0.108,26.13,0.1845,0.251,26.13,0.1845,2.39,0.2166,0.722,False,0.2809,0.9362
482,694,503,637,MOR. PEKHOTA KOM.,65,5,5,0.3125,0.14,30.67,0.2165,0.229,31.13,0.2198,0,0.2155,0.3315,False,0.2563,0.3944
483,771,420,687,DESANT. KOM.,100,5,5,0.3125,0.14,30.67,0.2165,0.31,36.63,0.2586,0,0.2155,0.2155,True,0.3005,0.3005
484,313,442,290,CMDT PIONIERS,35,5,5,0.3125,0.14,30.0,0.2118,0.271,35.29,0.2492,0,0.2147,0.6135,True,0.281,0.8028
747,683,584,591,PIONIER FÜH.,45,5,5,0.3125,0.14,30.0,0.2118,0.271,35.29,0.2492,1.8,0.2147,0.4772,True,0.281,0.6244
486,460,509,496,FUSILEROS MANDO,40,6,6,0.375,0.112,23.43,0.1654,0.199,23.9,0.1687,0,0.2147,0.5368,False,0.2546,0.6365
487,314,446,295,FIRE TEAM (AT-4),35,6,6,0.375,0.107,24.82,0.1752,0.249,24.82,0.1752,3.82,0.2145,0.613,False,0.2785,0.7959
488,461,447,430,FIRE TEAM (DRAGON),40,6,6,0.375,0.107,24.82,0.1752,0.249,24.82,0.1752,1.98,0.2145,0.5364,False,0.2785,0.6964
489,250,493,243,TANK HUNTERS,30,6,6,0.375,0.108,22.41,0.1582,0.217,22.41,0.1582,3.59,0.2114,0.7048,False,0.2608,0.8692
490,599,486,561,MOT. RIFLES LDR.,50,6,6,0.375,0.11,21.15,0.1493,0.226,21.61,0.1526,1.8,0.2107,0.4213,False,0.2633,0.5265
491,634,449,578,GUARDS,55,6,6,0.375,0.105,22.52,0.159,0.248,22.99,0.1623,2.39,0.2101,0.382,False,0.2754,0.5007
492,773,384,674,PARA. LDR.,100,6,6,0.375,0.105,22.52,0.159,0.336,27.05,0.1909,2.39,0.2101,0.2101,True,0.3205,0.3205
493,774,394,679,PARA. ENGINEERS LDR.,100,6,6,0.375,0.105,22.52,0.159,0.329,26.5,0.1871,0,0.2101,0.2101,True,0.3168,0.3168
494,603,450,543,RIFLES LDR.,50,6,6,0.375,0.105,22.52,0.159,0.248,22.99,0.1623,2.39,0.2101,0.4202,False,0.2754,0.5507
495,661,385,556,GURKHA RIFLES LDR.,60,6,6,0.375,0.105,22.52,0.159,0.336,27.05,0.1909,2.39,0.2101,0.3502,True,0.3205,0.5342
496,480,451,456,MARSOUINS INSTRUCT.,40,6,6,0.375,0.105,22.52,0.159,0.243,22.52,0.159,1.68,0.2101,0.5253,False,0.2725,0.6814
497,551,492,526,N.G. ENGINEERS LDR.,45,6,6,0.375,0.088,27.67,0.1953,0.231,18.82,0.1329,2.17,0.21,0.4666,True,0.2617,0.5815
498,353,454,333,"AB M2HB 12,7mm",35,1,4,0.25,0.131,43.75,0.3089,0.267,43.75,0.3089,0,0.2083,0.5952,False,0.2695,0.77
499,203,455,195,"AERO-M2HB 12,7mm",30,1,4,0.25,0.131,43.75,0.3089,0.267,43.75,0.3089,0,0.2083,0.6944,False,0.2695,0.8984
510,354,466,334,"M2HB 12,7mm",30,1,4,0.25,0.131,43.75,0.3089,0.267,43.75,0.3089,0,0.2083,0.6944,False,0.2695,0.8984
510,354,466,334,"M2HB 12,7mm",30,1,4,0.25,0.131,43.75,0.3089,0.267,43.75,0.3089,0,0.2083,0.6944,False,0.2695,0.8984
502,206,458,198,"TMG M/50 12,7mm",30,1,4,0.25,0.131,43.75,0.3089,0.267,43.75,0.3089,0,0.2083,0.6944,False,0.2695,0.8984
510,354,466,334,"M2HB 12,7mm",30,1,4,0.25,0.131,43.75,0.3089,0.267,43.75,0.3089,0,0.2083,0.6944,False,0.2695,0.8984
510,354,466,334,"M2HB 12,7mm",35,1,4,0.25,0.131,43.75,0.3089,0.267,43.75,0.3089,0,0.2083,0.5952,False,0.2695,0.77
505,208,461,200,"L1A1 12,7mm M63",30,1,4,0.25,0.131,43.75,0.3089,0.267,43.75,0.3089,0,0.2083,0.6944,False,0.2695,0.8984
506,355,462,335,"AB M2HB 12,7mm M63",35,1,4,0.25,0.131,43.75,0.3089,0.267,43.75,0.3089,0,0.2083,0.5952,False,0.2695,0.77
507,356,463,336,"USMC M2HB 12,7mm M63",35,1,4,0.25,0.131,43.75,0.3089,0.267,43.75,0.3089,0,0.2083,0.5952,False,0.2695,0.77
510,354,466,334,"M2HB 12,7mm",30,1,4,0.25,0.131,43.75,0.3089,0.267,43.75,0.3089,0,0.2083,0.6944,False,0.2695,0.8984
509,210,465,202,"MARSOUINS M2HB 12,7mm",30,1,4,0.25,0.131,43.75,0.3089,0.267,43.75,0.3089,0,0.2083,0.6944,False,0.2695,0.8984
510,354,466,334,"M2HB 12,7mm",30,1,4,0.25,0.131,43.75,0.3089,0.267,43.75,0.3089,0,0.2083,0.6944,False,0.2695,0.8984
511,357,467,337,"PARA. M2HB 12,7mm",35,1,4,0.25,0.131,43.75,0.3089,0.267,43.75,0.3089,0,0.2083,0.5952,False,0.2695,0.77
512,358,468,338,"PARA. L1A1 12,7mm",35,1,4,0.25,0.131,43.75,0.3089,0.267,43.75,0.3089,0,0.2083,0.5952,False,0.2695,0.77
513,359,469,339,"DESANT. 6U6 12,7mm",35,1,4,0.25,0.131,43.75,0.3089,0.267,43.75,0.3089,0,0.2083,0.5952,False,0.2695,0.77
518,216,474,208,"NSV 12,7mm",30,1,4,0.25,0.131,43.75,0.3089,0.267,43.75,0.3089,0,0.2083,0.6944,False,0.2695,0.8984
515,213,471,205,"DSh. NSV 12,7mm",30,1,4,0.25,0.131,43.75,0.3089,0.267,43.75,0.3089,0,0.2083,0.6944,False,0.2695,0.8984
516,214,472,206,"GV. NSV 12,7mm",30,1,4,0.25,0.131,43.75,0.3089,0.267,43.75,0.3089,0,0.2083,0.6944,False,0.2695,0.8984
518,216,474,208,"NSV 12,7mm",30,1,4,0.25,0.131,43.75,0.3089,0.267,43.75,0.3089,0,0.2083,0.6944,False,0.2695,0.8984
518,216,474,208,"NSV 12,7mm",30,1,4,0.25,0.131,43.75,0.3089,0.267,43.75,0.3089,0,0.2083,0.6944,False,0.2695,0.8984
519,360,475,340,"DESANT. NSV 12,7mm",35,1,4,0.25,0.131,43.75,0.3089,0.267,43.75,0.3089,0,0.2083,0.5952,False,0.2695,0.77
520,276,479,257,MOT. RIFLES,30,6,6,0.375,0.099,22.32,0.1575,0.23,22.32,0.1575,2.39,0.2073,0.6909,False,0.2663,0.8878
521,224,516,272,PANSERVÆRNSSKYTTER,30,6,6,0.375,0.102,21.05,0.1486,0.188,21.05,0.1486,3.59,0.2069,0.6898,False,0.2456,0.8188
522,225,452,189,N.G. FIRE TEAM (DRAGON),30,6,6,0.375,0.094,23.52,0.166,0.236,23.52,0.166,1.3,0.2069,0.6896,False,0.2706,0.9021
523,120,453,93,N.G. FIRE TEAM (LAW),25,6,6,0.375,0.094,23.52,0.166,0.236,23.52,0.166,2.17,0.2069,0.8276,False,0.2706,1.0825
524,487,517,510,TERRIERS LDR.,40,6,6,0.375,0.102,21.05,0.1486,0.188,21.05,0.1486,2.39,0.2069,0.5173,False,0.2456,0.6141
525,370,481,347,CAV. TROOPERS (AT-4),35,6,6,0.375,0.1,21.36,0.1508,0.232,21.36,0.1508,3.82,0.2063,0.5893,False,0.2658,0.7593
526,371,482,348,CAV. TROOPERS (DRAGON),35,6,6,0.375,0.1,21.36,0.1508,0.232,21.36,0.1508,1.98,0.2063,0.5893,False,0.2658,0.7593
527,230,483,218,CAV. TROOPERS (LAW),30,6,6,0.375,0.1,21.36,0.1508,0.232,21.36,0.1508,2.39,0.2063,0.6875,False,0.2658,0.8859
528,557,502,533,ECLAIREURS PROV.,45,6,6,0.375,0.1,20.95,0.1479,0.213,20.95,0.1479,1.29,0.2058,0.4574,False,0.2565,0.5701
529,374,505,393,PZ.GRENADIER (CarlG),35,6,6,0.375,0.099,21.11,0.149,0.21,21.11,0.149,1.8,0.2054,0.587,False,0.2553,0.7295
530,562,411,448,DOW. SAPERZY,45,6,6,0.375,0.103,19.2,0.1355,0.324,22.59,0.1595,1.8,0.2047,0.4548,True,0.3089,0.6864
531,563,412,449,VELITEL ŽENISTŮ,45,6,6,0.375,0.103,19.2,0.1355,0.324,22.59,0.1595,1.57,0.2047,0.4548,True,0.3089,0.6864
532,564,413,450,MARINEPIONIER FÜH.,45,6,6,0.375,0.103,19.2,0.1355,0.324,22.59,0.1595,1.57,0.2047,0.4548,True,0.3089,0.6864
533,383,480,344,PANCÉŘOVNÍCI,35,6,6,0.375,0.103,19.2,0.1355,0.239,19.2,0.1355,4.04,0.2047,0.5848,False,0.2661,0.7603
534,492,403,309,USMC ASSAULTMEN,40,4,4,0.25,0.155,33.63,0.2374,0.381,39.57,0.2793,2.13,0.2047,0.5118,True,0.315,0.7876
535,677,510,626,SPETSNAZ GRU (Stinger),60,4,4,0.25,0.182,24.7,0.1744,0.277,29.72,0.2098,6.47,0.2042,0.3403,True,0.254,0.4233
536,505,494,489,N.G. RIFLES LDR.,40,6,6,0.375,0.088,21.36,0.1508,0.22,21.36,0.1508,2.17,0.201,0.5026,False,0.2605,0.6513
537,725,373,599,INZH. RAZVEDKA,70,6,6,0.375,0.093,19.2,0.1355,0.328,38.27,0.2702,1.57,0.2,0.2858,True,0.3327,0.4753
538,755,433,657,DOW. DESANT. SAPERZY,85,6,6,0.375,0.093,19.2,0.1355,0.292,22.59,0.1595,1.8,0.2,0.2353,True,0.2943,0.3463
539,575,504,535,AT GROUP,45,6,6,0.375,0.093,19.2,0.1355,0.215,19.2,0.1355,8.98,0.2,0.4445,False,0.2553,0.5674
540,576,499,529,LIGHT RIFLES LDR.,45,6,6,0.375,0.093,19.2,0.1355,0.22,19.67,0.1388,2.39,0.2,0.4445,False,0.2581,0.5736
541,577,500,530,CMDT MECH. FUSILIER ,45,6,6,0.375,0.093,19.2,0.1355,0.22,19.67,0.1388,2.02,0.2,0.4445,False,0.2581,0.5736
542,778,421,688,DESANT. MOR. KOMROTI,100,6,6,0.375,0.093,19.2,0.1355,0.298,23.14,0.1633,1.57,0.2,0.2,True,0.298,0.298
543,779,422,689,DOW. SPADOCHRONIARZE,100,6,6,0.375,0.093,19.2,0.1355,0.298,23.14,0.1633,1.57,0.2,0.2,True,0.298,0.298
544,578,501,531,MECH. RIFLES LDR.,45,6,6,0.375,0.093,19.2,0.1355,0.22,19.67,0.1388,2.39,0.2,0.4445,False,0.2581,0.5736
545,253,506,246,MOT. RIFLES (CarlG),30,6,6,0.375,0.093,19.2,0.1355,0.215,19.2,0.1355,1.8,0.2,0.6668,False,0.2553,0.8511
546,511,507,495,MOT. RIFLES (Eryx),40,6,6,0.375,0.093,19.2,0.1355,0.215,19.2,0.1355,3.12,0.2,0.5001,False,0.2553,0.6383
547,579,508,536,CAVALRY SCOUTS,45,6,6,0.375,0.093,19.2,0.1355,0.215,19.2,0.1355,1.98,0.2,0.4445,False,0.2553,0.5674
548,512,434,382,DESANT. ZWIADOWCY,40,6,6,0.375,0.093,19.2,0.1355,0.292,22.59,0.1595,1.8,0.2,0.5001,True,0.2943,0.7358
549,692,513,627,KCT VERKENNERS,60,4,4,0.25,0.157,28.8,0.2033,0.26,33.88,0.2392,3.49,0.199,0.3317,True,0.2522,0.4204
550,518,514,501,O.P. SPETSNAZ ,40,4,4,0.25,0.157,28.8,0.2033,0.26,33.88,0.2392,3.33,0.199,0.4975,True,0.2522,0.6306
551,144,496,107,"REZ. DShK 12,7mm (AA)",25,1,4,0.25,0.108,43.75,0.3089,0.244,43.75,0.3089,0,0.1978,0.7912,False,0.259,1.0358
552,145,497,108,"REZ. DShK 12,7mm",25,1,4,0.25,0.108,43.75,0.3089,0.244,43.75,0.3089,0,0.1978,0.7912,False,0.259,1.0358
553,146,498,109,"N.G. M2HB 12,7mm",25,1,4,0.25,0.108,43.75,0.3089,0.244,43.75,0.3089,0,0.1978,0.7912,False,0.259,1.0358
554,55,562,87,B.G.S. STREIFE,20,5,5,0.3125,0.117,25.0,0.1765,0.167,25.0,0.1765,0,0.1972,0.9859,False,0.2197,1.0984
555,61,512,49,K.d.A. AUFKLÄRER,20,6,6,0.375,0.085,18.89,0.1333,0.213,18.89,0.1333,0,0.196,0.9802,False,0.2536,1.2682
556,429,563,504,VELITEL L.M.,35,5,5,0.3125,0.108,25.0,0.1765,0.167,25.0,0.1765,0.79,0.1934,0.5526,False,0.2197,0.6276
691,811,554,735,FALLSCHIRM. FÜH.,85,6,6,0.375,0.084,17.14,0.121,0.238,20.72,0.1463,0,0.1933,0.2274,True,0.2678,0.3151
558,266,561,370,TANKJAGERS,30,5,5,0.3125,0.112,23.71,0.1674,0.177,23.71,0.1674,3.59,0.1933,0.6442,False,0.2226,0.7419
559,267,524,324,PZ.VERNICHTUNGSGRUPPE,30,6,6,0.375,0.084,17.14,0.121,0.171,17.14,0.121,3.43,0.1933,0.6442,False,0.2326,0.7754
560,434,521,443,N.G. FIRE TEAM LDR.,35,6,6,0.375,0.079,18.17,0.1283,0.188,18.17,0.1283,2.17,0.1923,0.5494,False,0.2415,0.6901
561,701,569,647,KS-30 130mm,60,0,4,0.25,0.144,27.07,0.1911,0.2,27.07,0.1911,0,0.1905,0.3175,False,0.2157,0.3595
562,702,570,648,PLK KS-30 130mm,60,0,4,0.25,0.144,27.07,0.1911,0.2,27.07,0.1911,0,0.1905,0.3175,False,0.2157,0.3595
563,172,525,172,TAI,25,5,5,0.3125,0.107,21.6,0.1525,0.2,21.6,0.1525,0,0.1882,0.7529,False,0.2297,0.919
564,291,522,294,K.d.A. FÜH.,30,6,6,0.375,0.076,16.0,0.113,0.19,16.0,0.113,0,0.1879,0.6264,False,0.2391,0.7971
565,724,722,769,SEP/ELK,65,4,4,0.25,0.11,34.86,0.2461,0.075,7.42,0.0524,0,0.1863,0.2866,False,0.1319,0.203
566,10,567,32,REZ. OKHRANA,15,5,5,0.3125,0.092,21.58,0.1523,0.171,21.58,0.1523,0,0.1813,1.2086,False,0.217,1.4466
567,625,511,538,ROZP. SPECJALNE,45,4,4,0.25,0.129,22.71,0.1603,0.286,26.71,0.1886,2.86,0.1775,0.3946,True,0.2537,0.5639
568,367,415,112,DSh. SAPERI,30,5,5,0.3125,0.089,19.47,0.1374,0.317,38.59,0.2724,0,0.177,0.5901,True,0.3066,1.0219
569,368,416,113,MOR. SAPERI,30,5,5,0.3125,0.089,19.47,0.1374,0.317,38.59,0.2724,0,0.177,0.5901,True,0.3066,1.0219
570,369,417,114,DESANT. SAPERI,30,5,5,0.3125,0.089,19.47,0.1374,0.317,38.59,0.2724,0,0.177,0.5901,True,0.3066,1.0219
571,583,477,472,PIONIER LDR.,40,5,5,0.3125,0.089,19.32,0.1364,0.281,22.73,0.1605,0,0.1768,0.4419,True,0.2677,0.6694
572,12,526,11,"AANF1 7,62mm",15,1,4,0.25,0.113,26.79,0.1891,0.23,26.79,0.1891,0,0.1761,1.1741,False,0.2287,1.5248
573,82,527,66,"LEGION. AANF1 7,62mm",20,1,4,0.25,0.113,26.79,0.1891,0.23,26.79,0.1891,0,0.1761,0.8806,False,0.2287,1.1436
574,83,528,67,"PARA. AANF1 7,62mm",20,1,4,0.25,0.113,26.79,0.1891,0.23,26.79,0.1891,0,0.1761,0.8806,False,0.2287,1.1436
575,84,529,68,"AB M60 7,62mm",20,1,4,0.25,0.113,26.79,0.1891,0.23,26.79,0.1891,0,0.1761,0.8806,False,0.2287,1.1436
576,13,530,12,"AERO-M60 7,62mm",15,1,4,0.25,0.113,26.79,0.1891,0.23,26.79,0.1891,0,0.1761,1.1741,False,0.2287,1.5248
577,14,531,13,"M60 7,62mm",15,1,4,0.25,0.113,26.79,0.1891,0.23,26.79,0.1891,0,0.1761,1.1741,False,0.2287,1.5248
582,19,536,18,"MAG 7,62mm",15,1,4,0.25,0.113,26.79,0.1891,0.23,26.79,0.1891,0,0.1761,1.1741,False,0.2287,1.5248
582,19,536,18,"MAG 7,62mm",15,1,4,0.25,0.113,26.79,0.1891,0.23,26.79,0.1891,0,0.1761,1.1741,False,0.2287,1.5248
580,17,534,16,"GUARDS MAG 7,62mm",15,1,4,0.25,0.113,26.79,0.1891,0.23,26.79,0.1891,0,0.1761,1.1741,False,0.2287,1.5248
582,19,536,18,"MAG 7,62mm",15,1,4,0.25,0.113,26.79,0.1891,0.23,26.79,0.1891,0,0.1761,1.1741,False,0.2287,1.5248
582,19,536,18,"MAG 7,62mm",15,1,4,0.25,0.113,26.79,0.1891,0.23,26.79,0.1891,0,0.1761,1.1741,False,0.2287,1.5248
583,85,537,69,"PARA. MAG 7,62mm",20,1,4,0.25,0.113,26.79,0.1891,0.23,26.79,0.1891,0,0.1761,0.8806,False,0.2287,1.1436
584,86,538,70,"PARAS MAG 7,62mm",20,1,4,0.25,0.113,26.79,0.1891,0.23,26.79,0.1891,0,0.1761,0.8806,False,0.2287,1.1436
585,20,539,19,"MG M/62 7,62mm",15,1,4,0.25,0.113,26.79,0.1891,0.23,26.79,0.1891,0,0.1761,1.1741,False,0.2287,1.5248
586,21,540,20,"MG-42/58 7,62mm",15,1,4,0.25,0.113,26.79,0.1891,0.23,26.79,0.1891,0,0.1761,1.1741,False,0.2287,1.5248
587,87,541,71,"FALLSCHIRM.-MG-3 7,62mm",20,1,4,0.25,0.113,26.79,0.1891,0.23,26.79,0.1891,0,0.1761,0.8806,False,0.2287,1.1436
588,22,542,21,"MG-3 7,62mm",15,1,4,0.25,0.113,26.79,0.1891,0.23,26.79,0.1891,0,0.1761,1.1741,False,0.2287,1.5248
595,27,549,26,"PKM 7,62mm",15,1,4,0.25,0.113,26.79,0.1891,0.23,26.79,0.1891,0,0.1761,1.1741,False,0.2287,1.5248
590,88,544,72,"FALLSCHIRM.-PKM 7,62mm",20,1,4,0.25,0.113,26.79,0.1891,0.23,26.79,0.1891,0,0.1761,0.8806,False,0.2287,1.1436
591,24,545,23,"NIEB. BERETY PKM 7,62mm",15,1,4,0.25,0.113,26.79,0.1891,0.23,26.79,0.1891,0,0.1761,1.1741,False,0.2287,1.5248
592,197,546,175,DESANT. MOR. PKM,25,1,4,0.25,0.113,26.79,0.1891,0.23,26.79,0.1891,0,0.1761,0.7044,False,0.2287,0.9149
595,27,549,26,"PKM 7,62mm",15,1,4,0.25,0.113,26.79,0.1891,0.23,26.79,0.1891,0,0.1761,1.1741,False,0.2287,1.5248
595,27,549,26,"PKM 7,62mm",15,1,4,0.25,0.113,26.79,0.1891,0.23,26.79,0.1891,0,0.1761,1.1741,False,0.2287,1.5248
595,27,549,26,"PKM 7,62mm",15,1,4,0.25,0.113,26.79,0.1891,0.23,26.79,0.1891,0,0.1761,1.1741,False,0.2287,1.5248
597,90,551,74,"DESANT. PKM 7,62mm",20,1,4,0.25,0.113,26.79,0.1891,0.23,26.79,0.1891,0,0.1761,0.8806,False,0.2287,1.1436
597,90,551,74,"DESANT. PKM 7,62mm",20,1,4,0.25,0.113,26.79,0.1891,0.23,26.79,0.1891,0,0.1761,0.8806,False,0.2287,1.1436
598,28,552,27,"UK Vz.59 7,62mm",15,1,4,0.25,0.113,26.79,0.1891,0.23,26.79,0.1891,0,0.1761,1.1741,False,0.2287,1.5248
599,585,595,598,USAF SECURITY PATROL,40,4,4,0.25,0.132,20.59,0.1453,0.165,20.59,0.1453,0,0.1759,0.4396,False,0.1907,0.4767
600,513,487,362,AERO-FIRE TEAM (AT-4),35,5,5,0.3125,0.085,19.47,0.1374,0.267,22.9,0.1617,3.82,0.175,0.4999,True,0.2617,0.7477
601,586,488,485,AERO-FIRE TEAM (DRAGON),40,5,5,0.3125,0.085,19.47,0.1374,0.267,22.9,0.1617,1.98,0.175,0.4374,True,0.2617,0.6542
602,514,489,363,AB MP PATROL ,35,5,5,0.3125,0.085,19.47,0.1374,0.267,22.9,0.1617,0,0.175,0.4999,True,0.2617,0.7477
603,630,490,525,AB FIRE TEAM (DRAGON),45,5,5,0.3125,0.085,19.47,0.1374,0.267,22.9,0.1617,1.98,0.175,0.3888,True,0.2617,0.5815
604,587,491,486,AB FIRE TEAM (AT-4),40,5,5,0.3125,0.085,19.47,0.1374,0.267,22.9,0.1617,3.82,0.175,0.4374,True,0.2617,0.6542
605,837,627,836,FH155-1 155mm,120,0,8,0.5,0,0,0.0,0,0,0.0,0,0.175,0.1458,False,0.175,0.1458
606,838,628,837,L121 155mm,120,0,8,0.5,0,0,0.0,0,0,0.0,0,0.175,0.1458,False,0.175,0.1458
607,850,629,850,2A36 Giatsint-B 152mm,130,0,8,0.5,0,0,0.0,0,0,0.0,0,0.175,0.1346,False,0.175,0.1346
608,802,630,796,CAÑÓN 122/45 RUSO .31,100,0,8,0.5,0,0,0.0,0,0,0.0,0.36,0.175,0.175,False,0.175,0.175
609,803,631,797,A wz. 1931/37/85 122mm,100,0,8,0.5,0,0,0.0,0,0,0.0,0.36,0.175,0.175,False,0.175,0.175
610,768,632,758,"BL 5,5-inch 140mm",80,0,8,0.5,0,0,0.0,0,0,0.0,0,0.175,0.2187,False,0.175,0.2187
611,769,633,759,REZ. BS-3 100mm,80,0,8,0.5,0,0,0.0,0,0,0.0,1.26,0.175,0.2187,False,0.175,0.2187
612,797,634,783,H wz. 1943/85 152mm,95,0,8,0.5,0,0,0.0,0,0,0.0,0.85,0.175,0.1842,False,0.175,0.1842
613,775,635,766,REZ. D-1 152mm,85,0,8,0.5,0,0,0.0,0,0,0.0,0.76,0.175,0.2059,False,0.175,0.2059
615,813,637,808,D-20 152mm,105,0,8,0.5,0,0,0.0,0,0,0.0,0,0.175,0.1667,False,0.175,0.1667
615,813,637,808,D-20 152mm,105,0,8,0.5,0,0,0.0,0,0,0.0,0,0.175,0.1667,False,0.175,0.1667
617,799,639,785,D-30 122mm,95,0,8,0.5,0,0,0.0,0,0,0.0,0.64,0.175,0.1842,False,0.175,0.1842
617,799,639,785,D-30 122mm,95,0,8,0.5,0,0,0.0,0,0,0.0,0.64,0.175,0.1842,False,0.175,0.1842
618,800,640,786,H D-30 122mm,95,0,8,0.5,0,0,0.0,0,0,0.0,0.64,0.175,0.1842,False,0.175,0.1842
619,804,641,798,DESANT. D-30 122mm,100,0,8,0.5,0,0,0.0,0,0,0.0,0.64,0.175,0.175,False,0.175,0.175
620,776,642,767,M118 105mm,85,0,8,0.5,0,0,0.0,0,0,0.0,0.59,0.175,0.2059,False,0.175,0.2059
621,777,643,768,L118 105mm,85,0,8,0.5,0,0,0.0,0,0,0.0,0.59,0.175,0.2059,False,0.175,0.2059
622,741,644,729,HAUBITS M/50 105mm,70,0,8,0.5,0,0,0.0,0,0,0.0,0.24,0.175,0.25,False,0.175,0.25
623,742,645,730,HM2A1 105mm,70,0,8,0.5,0,0,0.0,0,0,0.0,0.24,0.175,0.25,False,0.175,0.25
626,745,648,733,M101 105mm,70,0,8,0.5,0,0,0.0,0,0,0.0,0.24,0.175,0.25,False,0.175,0.25
625,744,647,732,FH M1A2 (A2) 105mm,70,0,8,0.5,0,0,0.0,0,0,0.0,0.24,0.175,0.25,False,0.175,0.25
626,745,648,733,M101 105mm,70,0,8,0.5,0,0,0.0,0,0,0.0,0.24,0.175,0.25,False,0.175,0.25
627,757,649,750,PARA. M101 105mm,75,0,8,0.5,0,0,0.0,0,0,0.0,0.24,0.175,0.2333,False,0.175,0.2333
628,758,650,751,HM2A1 105mm PARA.,75,0,8,0.5,0,0,0.0,0,0,0.0,0.24,0.175,0.2333,False,0.175,0.2333
629,759,651,752,M102 105mm,75,0,8,0.5,0,0,0.0,0,0,0.0,0,0.175,0.2333,False,0.175,0.2333
630,805,652,799,C1 155mm,100,0,8,0.5,0,0,0.0,0,0,0.0,0,0.175,0.175,False,0.175,0.175
631,806,653,800,HAUBITS M/51 155mm,100,0,8,0.5,0,0,0.0,0,0,0.0,0,0.175,0.175,False,0.175,0.175
632,807,654,801,OBÚS 155/23 M114,100,0,8,0.5,0,0,0.0,0,0,0.0,0,0.175,0.175,False,0.175,0.175
633,808,655,802,M114 155mm,100,0,8,0.5,0,0,0.0,0,0,0.0,0,0.175,0.175,False,0.175,0.175
634,839,656,838,HAUBITS M114/39 155mm,120,0,8,0.5,0,0,0.0,0,0,0.0,0,0.175,0.1458,False,0.175,0.1458
635,840,657,839,M114/39 155mm,120,0,8,0.5,0,0,0.0,0,0,0.0,0,0.175,0.1458,False,0.175,0.1458
636,851,658,851,M115 203mm,130,0,8,0.5,0,0,0.0,0,0,0.0,0,0.175,0.1346,False,0.175,0.1346
637,868,659,865,HAUBITS M/55 203mm,140,0,8,0.5,0,0,0.0,0,0,0.0,0,0.175,0.125,False,0.175,0.125
638,852,660,852,OBÚS 203/25 M115,130,0,8,0.5,0,0,0.0,0,0,0.0,0,0.175,0.1346,False,0.175,0.1346
639,770,661,760,M119 105mm,80,0,8,0.5,0,0,0.0,0,0,0.0,0,0.175,0.2187,False,0.175,0.2187
640,869,662,866,M198 155mm (CLGP),140,0,8,0.5,0,0,0.0,0,0,0.0,0,0.175,0.125,False,0.175,0.125
641,841,663,840,M198 155mm,120,0,8,0.5,0,0,0.0,0,0,0.0,0,0.175,0.1458,False,0.175,0.1458
642,846,664,845,USMC M198 155mm,125,0,8,0.5,0,0,0.0,0,0,0.0,0,0.175,0.14,False,0.175,0.14
645,787,667,777,M-30 122mm,90,0,8,0.5,0,0,0.0,0,0,0.0,0.36,0.175,0.1944,False,0.175,0.1944
644,786,666,776,H wz. 1938/85 122mm,90,0,8,0.5,0,0,0.0,0,0,0.0,0.36,0.175,0.1944,False,0.175,0.1944
645,787,667,777,M-30 122mm,90,0,8,0.5,0,0,0.0,0,0,0.0,0.36,0.175,0.1944,False,0.175,0.1944
646,788,668,778,H vz.38/74 122mm,90,0,8,0.5,0,0,0.0,0,0,0.0,0.36,0.175,0.1944,False,0.175,0.1944
647,847,669,846,M-46 130mm,125,0,8,0.5,0,0,0.0,0,0,0.0,0,0.175,0.14,False,0.175,0.14
648,848,670,847,K M-46 130mm,125,0,8,0.5,0,0,0.0,0,0,0.0,0,0.175,0.14,False,0.175,0.14
649,760,671,753,Fs-le.GebH. M56 105mm,75,0,8,0.5,0,0,0.0,0,0,0.0,0.24,0.175,0.2333,False,0.175,0.2333
650,746,672,734,L5 105mm,70,0,8,0.5,0,0,0.0,0,0,0.0,0.24,0.175,0.25,False,0.175,0.25
651,822,673,814,M59 155mm,110,0,8,0.5,0,0,0.0,0,0,0.0,0,0.175,0.1591,False,0.175,0.1591
652,823,674,815,KANON M/52 155mm,110,0,8,0.5,0,0,0.0,0,0,0.0,0,0.175,0.1591,False,0.175,0.1591
653,814,675,809,AH wz. 1937/85 152mm,105,0,8,0.5,0,0,0.0,0,0,0.0,0.52,0.175,0.1667,False,0.175,0.1667
654,842,676,841,2A65 Msta-B 152mm,120,0,8,0.5,0,0,0.0,0,0,0.0,0.36,0.175,0.1458,False,0.175,0.1458
655,761,677,754,OBÚS 105/26 REINOSA,75,0,8,0.5,0,0,0.0,0,0,0.0,0.24,0.175,0.2333,False,0.175,0.2333
656,883,678,884,TRF1 155mm,150,0,8,0.5,0,0,0.0,0,0,0.0,0,0.175,0.1167,False,0.175,0.1167
657,809,679,803,KH vz.18/47N 152mm,100,0,8,0.5,0,0,0.0,0,0,0.0,0,0.175,0.175,False,0.175,0.175
658,817,680,810,M50/63 155mm,105,0,8,0.5,0,0,0.0,0,0,0.0,0,0.175,0.1667,False,0.175,0.1667
659,703,568,638,PZ.GREN. FÜH.,55,5,5,0.3125,0.085,18.25,0.1288,0.181,18.25,0.1288,1.72,0.1732,0.315,False,0.2166,0.3938
660,393,556,366,MP PATROL,30,5,5,0.3125,0.084,18.16,0.1282,0.196,18.16,0.1282,0,0.1729,0.5764,False,0.2232,0.7441
661,666,515,583,GENIE CMG,50,5,5,0.3125,0.083,17.95,0.1267,0.241,21.12,0.1491,1.8,0.1723,0.3445,True,0.2476,0.4952
662,590,576,573,MARECHAUSSEE CMG,40,4,4,0.25,0.111,24.52,0.1731,0.184,24.52,0.1731,0.97,0.1723,0.4306,False,0.2048,0.512
663,591,478,473,DINOPS,40,4,4,0.25,0.112,24.0,0.1694,0.259,44.47,0.3139,0,0.1718,0.4295,True,0.2669,0.6671
664,104,590,143,FELDJÄGER,20,4,4,0.25,0.112,24.0,0.1694,0.16,24.0,0.1694,0,0.1718,0.8589,False,0.1934,0.9669
665,105,591,144,MILITÄRSTREIFEN,20,4,4,0.25,0.112,24.0,0.1694,0.16,24.0,0.1694,0,0.1718,0.8589,False,0.1934,0.9669
666,106,592,145,POLICIA MILITAR,20,4,4,0.25,0.112,24.0,0.1694,0.16,24.0,0.1694,0,0.1718,0.8589,False,0.1934,0.9669
667,107,593,146,MARECHAUSSEE,20,4,4,0.25,0.112,24.0,0.1694,0.16,24.0,0.1694,0,0.1718,0.8589,False,0.1934,0.9669
668,1,557,2,"RES. AANF1 7,62mm",10,1,4,0.25,0.099,26.79,0.1891,0.216,26.79,0.1891,0,0.1701,1.7006,False,0.2227,2.2267
669,2,558,3,"RES. C5 7,62mm",10,1,4,0.25,0.099,26.79,0.1891,0.216,26.79,0.1891,0,0.1701,1.7006,False,0.2227,2.2267
670,3,559,4,"L3A4 7,62mm",10,1,4,0.25,0.099,26.79,0.1891,0.216,26.79,0.1891,0,0.1701,1.7006,False,0.2227,2.2267
671,4,560,5,"N.G. M60 7,62mm",10,1,4,0.25,0.099,26.79,0.1891,0.216,26.79,0.1891,0,0.1701,1.7006,False,0.2227,2.2267
672,640,495,528,VÝS. PRŮZKUMNÍCI,45,4,4,0.25,0.121,19.35,0.1366,0.308,23.42,0.1653,3.49,0.1693,0.3763,True,0.2591,0.5759
673,681,518,589,AB MP PATROL (M67),50,5,5,0.3125,0.077,16.0,0.113,0.243,18.82,0.1329,1.06,0.1667,0.3334,True,0.2453,0.4905
674,543,571,509,CMDT CHASSEURS,35,5,5,0.3125,0.077,16.0,0.113,0.184,16.47,0.1162,0,0.1667,0.4763,False,0.2156,0.6159
675,646,572,601,MP PATROL (M67),45,5,5,0.3125,0.077,16.0,0.113,0.18,16.0,0.113,1.06,0.1667,0.3704,False,0.2128,0.4728
676,611,626,618,USMC L.A.I. SCOUTS,40,4,4,0.25,0.084,28.2,0.1991,0.143,16.53,0.1167,0,0.1651,0.4126,False,0.1751,0.4377
677,130,580,131,TERRIERS SCOUTS,20,4,4,0.25,0.099,21.09,0.1489,0.181,21.09,0.1489,0,0.1619,0.8097,False,0.1985,0.9927
678,662,695,667,CMDT CHASSEURS ARDENNAIS,45,3,4,0.25,0.063,29.6,0.209,0.113,10.07,0.0711,1.29,0.1576,0.3501,False,0.1524,0.3386
679,628,574,564,GURKHA AT GROUP,40,4,4,0.25,0.092,19.23,0.1358,0.2,22.62,0.1597,8.98,0.1562,0.3905,True,0.2094,0.5234
680,151,612,182,TERRIERS AT GROUP,20,4,4,0.25,0.092,19.23,0.1358,0.148,19.23,0.1358,1.8,0.1562,0.7809,False,0.1811,0.9056
683,154,615,185,PRÉVÔTÉ,20,4,4,0.25,0.092,19.23,0.1358,0.148,19.23,0.1358,0,0.1562,0.7809,False,0.1811,0.9056
682,572,614,570,CMDT GENDARMES MOBILES,35,4,4,0.25,0.092,19.23,0.1358,0.148,19.23,0.1358,0,0.1562,0.4463,False,0.1811,0.5175
683,154,615,185,PRÉVÔTÉ,20,4,4,0.25,0.092,19.23,0.1358,0.148,19.23,0.1358,0,0.1562,0.7809,False,0.1811,0.9056
684,155,616,186,CFMP,20,4,4,0.25,0.092,19.23,0.1358,0.148,19.23,0.1358,0,0.1562,0.7809,False,0.1811,0.9056
685,156,617,187,MILITÆRPOLITI,20,4,4,0.25,0.092,19.23,0.1358,0.148,19.23,0.1358,0,0.1562,0.7809,False,0.1811,0.9056
686,573,609,563,INFANTERIFØRER,35,4,4,0.25,0.092,19.23,0.1358,0.152,19.7,0.1391,2.39,0.1562,0.4463,False,0.1839,0.5255
687,160,604,161,RESERV. ECLAIREURS,20,4,4,0.25,0.084,20.94,0.1479,0.156,20.94,0.1479,0.97,0.1548,0.7738,False,0.1875,0.9374
688,584,582,539,ZWIADOWCY,35,4,4,0.25,0.09,18.92,0.1336,0.184,18.92,0.1336,1.57,0.1546,0.4417,False,0.1968,0.5623
689,494,577,455,GUN GROUP,30,4,4,0.25,0.086,19.45,0.1373,0.199,19.45,0.1373,2.39,0.1535,0.5117,False,0.2047,0.6822
690,7,608,6,"REZ. MAKSIM 7,62mm",10,1,4,0.25,0.061,26.32,0.1858,0.137,26.32,0.1858,0,0.152,1.5198,False,0.1864,1.8644
691,811,554,735,FALLSCHIRM. FÜH.,90,4,4,0.25,0.095,15.36,0.1084,0.243,18.73,0.1322,3.49,0.1519,0.1687,True,0.2234,0.2482
692,678,555,581,LUFTSTURM-JÄGER FÜH.,45,4,4,0.25,0.095,15.36,0.1084,0.243,18.73,0.1322,3.49,0.1519,0.3375,True,0.2234,0.4964
693,171,581,135,TERRIERS GUN GROUP,20,4,4,0.25,0.083,18.76,0.1324,0.185,18.76,0.1324,0,0.1513,0.7563,False,0.1971,0.9854
694,679,703,668,LAG-40 40mm,45,1,4,0.25,0.059,26.23,0.1852,0.059,26.23,0.1852,0,0.1511,0.3357,False,0.1511,0.3357
695,714,704,685,AB Mk.19 40mm,50,1,4,0.25,0.059,26.23,0.1852,0.059,26.23,0.1852,0,0.1511,0.3022,False,0.1511,0.3022
696,680,705,669,Mk.19 40mm,45,1,4,0.25,0.059,26.23,0.1852,0.059,26.23,0.1852,0,0.1511,0.3357,False,0.1511,0.3357
697,715,706,686,USMC Mk.19 40mm,50,1,4,0.25,0.059,26.23,0.1852,0.059,26.23,0.1852,0,0.1511,0.3022,False,0.1511,0.3022
698,510,393,101,MILITSIYA,30,4,5,0.3125,0.057,10.67,0.0753,0.321,45.39,0.3204,0,0.1502,0.5005,False,0.3177,1.059
699,693,598,628,ROZP. SPECJALNE (GSR),45,3,3,0.1875,0.118,21.6,0.1525,0.195,25.41,0.1794,2.74,0.1493,0.3317,True,0.1892,0.4204
700,642,696,642,GVARDEITSY KOM.,40,4,4,0.25,0.069,21.27,0.1501,0.113,10.07,0.0711,2.76,0.1485,0.3712,False,0.1524,0.3809
701,522,707,580,CEWI,30,4,4,0.25,0.069,21.27,0.1501,0.108,9.6,0.0678,0,0.1485,0.495,False,0.1495,0.4984
702,643,697,643,MOT.-SCHÜTZEN FÜH.,40,4,4,0.25,0.069,21.27,0.1501,0.113,10.07,0.0711,2.39,0.1485,0.3712,False,0.1524,0.3809
704,645,699,645,MOTOSTRELKI KOM.,40,4,4,0.25,0.069,21.27,0.1501,0.113,10.07,0.0711,2.76,0.1485,0.3712,False,0.1524,0.3809
704,645,699,645,MOTOSTRELKI KOM.,40,4,4,0.25,0.069,21.27,0.1501,0.113,10.07,0.0711,2.76,0.1485,0.3712,False,0.1524,0.3809
705,596,700,620,CMDT GREN.-VOLTIGEURS,35,4,4,0.25,0.069,21.27,0.1501,0.113,10.07,0.0711,0,0.1485,0.4243,False,0.1524,0.4353
706,647,579,582,MOTOSTRELKI MVD KOM.,40,4,4,0.25,0.081,16.27,0.1148,0.194,16.73,0.1181,0,0.1471,0.3678,False,0.1986,0.4964
707,528,701,575,DOW. REZERWISCI,30,4,4,0.25,0.065,21.27,0.1501,0.114,9.6,0.0678,0,0.147,0.4899,False,0.1522,0.5074
708,373,611,391,RMP,25,4,4,0.25,0.078,17.05,0.1203,0.158,17.05,0.1203,0,0.1469,0.5875,False,0.1826,0.7304
709,606,594,542,PRŮZKUMNÍCI,35,4,4,0.25,0.079,16.12,0.1138,0.183,16.12,0.1138,2.39,0.1457,0.4164,False,0.1928,0.5509
710,534,596,498,PATROUILLES,30,4,4,0.25,0.076,16.27,0.1148,0.178,16.27,0.1148,2.02,0.1448,0.4827,False,0.1904,0.6345
725,621,619,574,AUFKLÄRER,35,4,4,0.25,0.076,16.27,0.1148,0.178,16.27,0.1148,2.39,0.1448,0.4137,False,0.1904,0.5439
712,700,599,630,SCOUTS (LAW-80),45,4,4,0.25,0.074,16.27,0.1148,0.172,16.27,0.1148,4.49,0.1437,0.3193,False,0.1878,0.4173
713,650,564,544,DSh. RAZVEDKA,40,4,4,0.25,0.074,16.27,0.1148,0.233,19.14,0.1351,2.76,0.1437,0.3593,True,0.2191,0.5479
714,651,600,602,MOR. RAZVEDKA,40,4,4,0.25,0.074,16.27,0.1148,0.172,16.27,0.1148,2.76,0.1437,0.3593,False,0.1878,0.4695
716,615,602,552,RAZVEDKA,35,4,4,0.25,0.074,16.27,0.1148,0.172,16.27,0.1148,2.76,0.1437,0.4106,False,0.1878,0.5366
716,615,602,552,RAZVEDKA,35,4,4,0.25,0.074,16.27,0.1148,0.172,16.27,0.1148,2.76,0.1437,0.4106,False,0.1878,0.5366
721,616,607,553,SCOUTS,35,4,4,0.25,0.074,16.27,0.1148,0.172,16.27,0.1148,2.39,0.1437,0.4106,False,0.1878,0.5366
718,652,565,545,DESANT. RAZVEDKA,40,4,4,0.25,0.074,16.27,0.1148,0.233,19.14,0.1351,2.76,0.1437,0.3593,True,0.2191,0.5479
768,698,694,640,ECLAIREURS,35,4,4,0.25,0.074,16.12,0.1138,0.171,16.12,0.1138,1.68,0.1434,0.4098,False,0.1874,0.5355
720,653,606,603,LEGION. ECLAIREURS,40,4,4,0.25,0.074,16.12,0.1138,0.171,16.12,0.1138,1.68,0.1434,0.3586,False,0.1874,0.4686
721,616,607,553,SCOUTS,25,4,4,0.25,0.074,16.12,0.1138,0.171,16.12,0.1138,0,0.1434,0.5737,False,0.1874,0.7497
722,654,566,546,PARA. ECLAIREURS,40,4,4,0.25,0.074,16.12,0.1138,0.232,18.97,0.1339,1.68,0.1434,0.3586,True,0.2187,0.5467
723,195,712,440,N.G. SCOUTS,20,4,4,0.25,0.058,20.24,0.1429,0.086,8.57,0.0605,0,0.142,0.7102,False,0.1382,0.6909
724,726,575,631,FALLSCHIRM. AUFK.,50,4,4,0.25,0.071,15.39,0.1086,0.206,18.11,0.1278,5.57,0.141,0.282,True,0.2058,0.4117
725,621,619,574,AUFKLÄRER,35,4,4,0.25,0.071,15.39,0.1086,0.152,15.39,0.1086,1.72,0.141,0.4029,False,0.1778,0.508
726,660,573,562,PATROUILLE PARA-CMDO.,40,4,4,0.25,0.068,15.92,0.1124,0.214,18.72,0.1322,2.02,0.1406,0.3515,True,0.2103,0.5259
727,705,618,635,PANTSERINF. CMG,45,4,4,0.25,0.069,15.09,0.1066,0.154,15.56,0.1099,1.4,0.14,0.3112,False,0.1789,0.3976
728,663,624,615,VERKENNERS (AT),40,4,4,0.25,0.069,15.09,0.1066,0.149,15.09,0.1066,1.8,0.14,0.3501,False,0.1761,0.4402
729,623,625,577,VERKENNERS,35,4,4,0.25,0.069,15.09,0.1066,0.149,15.09,0.1066,2.39,0.14,0.4001,False,0.1761,0.5031
730,624,820,736,USMC SCOUT SNIPERS,35,2,3,0.1875,0.054,34.87,0.2461,0.036,3.2,0.0226,0,0.1394,0.3981,False,0.0863,0.2466
731,227,622,219,PATROUILLES PROV.,20,4,4,0.25,0.064,15.24,0.1076,0.151,15.24,0.1076,1.84,0.1377,0.6883,False,0.1772,0.8859
732,668,713,658,GR.-MG 30mm,40,1,4,0.25,0.049,19.67,0.1389,0.049,19.67,0.1389,0,0.1374,0.3435,False,0.1374,0.3435
733,669,714,659,DSh. PLAMYA 30mm,40,1,4,0.25,0.049,19.67,0.1389,0.049,19.67,0.1389,0,0.1374,0.3435,False,0.1374,0.3435
734,670,715,660,GV. PLAMYA 30mm,40,1,4,0.25,0.049,19.67,0.1389,0.049,19.67,0.1389,0,0.1374,0.3435,False,0.1374,0.3435
735,706,716,683,MOR. PLAMYA 30mm,45,1,4,0.25,0.049,19.67,0.1389,0.049,19.67,0.1389,0,0.1374,0.3053,False,0.1374,0.3053
738,673,719,663,PLAMYA 30mm,40,1,4,0.25,0.049,19.67,0.1389,0.049,19.67,0.1389,0,0.1374,0.3435,False,0.1374,0.3435
737,672,718,662,AGS-17,40,1,4,0.25,0.049,19.67,0.1389,0.049,19.67,0.1389,0,0.1374,0.3435,False,0.1374,0.3435
738,673,719,663,PLAMYA 30mm,40,1,4,0.25,0.049,19.67,0.1389,0.049,19.67,0.1389,0,0.1374,0.3435,False,0.1374,0.3435
739,707,720,684,DESANT. PLAMYA 30mm,45,1,4,0.25,0.049,19.67,0.1389,0.049,19.67,0.1389,0,0.1374,0.3053,False,0.1374,0.3053
740,674,721,664,VPB GR.-MG 30mm,40,1,4,0.25,0.049,19.67,0.1389,0.049,19.67,0.1389,0,0.1374,0.3435,False,0.1374,0.3435
741,675,740,748,COLT,40,3,3,0.1875,0.068,28.69,0.2025,0.052,5.36,0.0378,0,0.1365,0.3413,False,0.0968,0.2419
742,441,620,412,MOT. GRENZER,25,4,4,0.25,0.069,12.8,0.0904,0.16,12.8,0.0904,0,0.1364,0.5458,False,0.1774,0.7096
743,235,621,216,RAZVEDKA MVD,20,4,4,0.25,0.069,12.8,0.0904,0.16,12.8,0.0904,0,0.1364,0.6822,False,0.1774,0.887
744,236,623,220,ALASKAN SCOUTS,20,4,4,0.25,0.061,14.96,0.1056,0.152,14.96,0.1056,0,0.136,0.6799,False,0.1771,0.8853
745,635,737,673,SPETSNAZ SNAYPERI,35,2,2,0.125,0.09,35.0,0.2471,0.075,24.71,0.1744,0,0.1337,0.3819,True,0.1126,0.3217
746,682,583,590,AIRBORNE SCOUTS,40,4,4,0.25,0.062,12.8,0.0904,0.194,15.06,0.1063,3.82,0.1334,0.3334,True,0.1962,0.4905
747,683,584,591,PIONIER FÜH.,40,4,4,0.25,0.062,12.8,0.0904,0.194,15.06,0.1063,2.02,0.1334,0.3334,True,0.1962,0.4905
748,684,585,592,DSh. SAPERI KOM.,40,4,4,0.25,0.062,12.8,0.0904,0.194,15.06,0.1063,1.57,0.1334,0.3334,True,0.1962,0.4905
749,717,586,619,MOR. SAPERI KOMROTI,45,4,4,0.25,0.062,12.8,0.0904,0.194,15.06,0.1063,1.57,0.1334,0.2963,True,0.1962,0.436
751,686,588,594,SAPERI KOM.,40,4,4,0.25,0.062,12.8,0.0904,0.194,15.06,0.1063,2.02,0.1334,0.3334,True,0.1962,0.4905
751,686,588,594,SAPERI KOM.,40,4,4,0.25,0.062,12.8,0.0904,0.194,15.06,0.1063,2.39,0.1334,0.3334,True,0.1962,0.4905
752,824,589,755,DESANT. SAPERI KOM.,85,4,4,0.25,0.062,12.8,0.0904,0.194,15.06,0.1063,1.57,0.1334,0.1569,True,0.1962,0.2308
753,636,684,595,MOR. OTDELENIE PODDERZHKI,35,4,4,0.25,0.062,12.8,0.0904,0.144,12.8,0.0904,2.36,0.1334,0.381,False,0.1702,0.4863
754,574,685,534,OTDELENIE PODDERZHKI,30,4,4,0.25,0.062,12.8,0.0904,0.144,12.8,0.0904,2.36,0.1334,0.4445,False,0.1702,0.5674
755,687,681,622,CMDT GARDES REPUBLICAINS,40,4,4,0.25,0.062,12.8,0.0904,0.148,13.27,0.0937,1.08,0.1334,0.3334,False,0.173,0.4326
756,252,686,245,KOMENDATURA,20,4,4,0.25,0.062,12.8,0.0904,0.144,12.8,0.0904,0,0.1334,0.6668,False,0.1702,0.8511
757,688,578,579,PATHFINDERS,40,4,4,0.25,0.062,12.8,0.0904,0.201,15.61,0.1102,2.39,0.1334,0.3334,True,0.1999,0.4998
758,637,682,585,CMDT LEGION.,35,4,4,0.25,0.062,12.8,0.0904,0.148,13.27,0.0937,0,0.1334,0.381,False,0.173,0.4944
759,638,683,586,CAV. TROOPERS LDR.,35,4,4,0.25,0.062,12.8,0.0904,0.148,13.27,0.0937,2.39,0.1334,0.381,False,0.173,0.4944
760,639,687,596,AERO-ECLAIREURS,35,4,4,0.25,0.062,12.8,0.0904,0.144,12.8,0.0904,0,0.1334,0.381,False,0.1702,0.4863
761,690,688,624,USMC RECON,40,4,4,0.25,0.062,12.8,0.0904,0.144,12.8,0.0904,3.82,0.1334,0.3334,False,0.1702,0.4255
762,718,941,893,EPIGN,45,0,2,0.125,0.048,48.0,0.3389,0,0,0.0,0,0.1332,0.2961,True,0.0437,0.0972
763,986,725,986,M-240 240mm [HE Cluster],230,0,6,0.375,0,0,0.0,0,0,0.0,0,0.1312,0.0571,False,0.1312,0.0571
764,849,726,848,REZ. M wz. 1951 240mm,95,0,6,0.375,0,0,0.0,0,0,0.0,0,0.1312,0.1382,False,0.1312,0.1382
765,929,727,929,M-240 240mm,155,0,6,0.375,0,0,0.0,0,0,0.0,0,0.1312,0.0847,False,0.1312,0.0847
766,737,692,680,GEBIRGSJÄGER FÜH.,50,4,4,0.25,0.056,11.43,0.0807,0.119,11.9,0.084,1.8,0.1288,0.2577,False,0.1579,0.3158
767,270,693,326,RECONOCIMIENTO,20,4,4,0.25,0.056,11.43,0.0807,0.114,11.43,0.0807,0,0.1288,0.6442,False,0.1551,0.7754
768,698,694,640,ECLAIREURS,40,4,4,0.25,0.056,11.43,0.0807,0.114,11.43,0.0807,2.39,0.1288,0.3221,False,0.1551,0.3877
769,602,708,597,VELITEL ZÁLOŽNÍKŮ,30,3,3,0.1875,0.078,18.0,0.1271,0.12,18.0,0.1271,1.46,0.1261,0.4205,False,0.145,0.4835
770,115,709,147,REZ. ZWIADOWCY,15,3,3,0.1875,0.078,18.0,0.1271,0.12,18.0,0.1271,1.6,0.1261,0.8409,False,0.145,0.9669
771,665,710,633,FIRE TEAM LDR.,35,3,3,0.1875,0.081,13.49,0.0953,0.123,13.96,0.0986,2.39,0.1213,0.3465,False,0.1407,0.402
772,330,689,287,SPEJDERE,20,3,3,0.1875,0.071,16.49,0.1164,0.162,16.49,0.1164,0,0.121,0.605,False,0.1618,0.8088
773,733,987,900,SNIPER (M82),45,0,2,0.125,0.044,40.0,0.2824,0,0,0.0,0,0.12,0.2667,False,0.0437,0.0972
774,626,724,617,VOPOS FÜH.,30,3,3,0.1875,0.07,15.0,0.1059,0.1,15.0,0.1059,0,0.1183,0.3943,False,0.1318,0.4393
775,721,690,634,INGENIØRERFØRER,40,3,3,0.1875,0.069,14.42,0.1018,0.156,17.52,0.1237,1.8,0.1171,0.2929,True,0.1607,0.4018
776,691,842,743,SNIPER ESR,35,1,2,0.125,0.063,31.2,0.2203,0.065,8.47,0.0598,0,0.1164,0.3325,True,0.0849,0.2427
777,161,723,223,PRŮZ. L.M.,15,3,3,0.1875,0.065,15.0,0.1059,0.1,15.0,0.1059,1.81,0.1161,0.7737,False,0.1318,0.8787
778,696,736,665,AERO-FIRE TEAM LDR.,35,3,3,0.1875,0.053,18.07,0.1275,0.097,7.53,0.0532,0,0.1152,0.329,True,0.12,0.3428
779,411,702,351,RES.-AUFKLÄRER,20,3,3,0.1875,0.064,13.07,0.0922,0.15,13.07,0.0922,0,0.113,0.5651,False,0.1514,0.757
780,781,738,770,"QF 25-Pdr 87,5mm",55,0,5,0.3125,0,0,0.0,0,0,0.0,0.62,0.1094,0.1989,False,0.1094,0.1989
781,782,739,771,"ZiS-3 76,2mm",55,0,5,0.3125,0,0,0.0,0,0,0.0,1.33,0.1094,0.1989,False,0.1094,0.1989
782,648,711,604,SPEJDERE (DYKN),30,3,3,0.1875,0.057,12.53,0.0885,0.124,12.53,0.0885,1.8,0.1088,0.3627,False,0.139,0.4634
783,708,843,744,Fs-SCHARFSCHÜTZE,35,2,2,0.125,0.074,21.2,0.1497,0.065,8.47,0.0598,0,0.1068,0.3051,True,0.0849,0.2427
784,709,844,745,FERN. SCHARFSCHÜTZE,35,2,2,0.125,0.074,21.2,0.1497,0.065,8.47,0.0598,0,0.1068,0.3051,True,0.0849,0.2427
785,710,845,746,DESANT. SNAJPER,35,2,2,0.125,0.074,21.2,0.1497,0.065,8.47,0.0598,0,0.1068,0.3051,True,0.0849,0.2427
802,739,989,880,SNIPER,35,1,2,0.125,0.039,31.67,0.2236,0,0,0.0,0,0.106,0.3029,False,0.0437,0.125
787,712,985,877,TIRADORES,35,1,2,0.125,0.039,31.67,0.2236,0,0,0.0,0,0.106,0.3029,False,0.0437,0.125
802,739,989,880,SNIPER,35,1,2,0.125,0.039,31.67,0.2236,0,0,0.0,0,0.106,0.3029,False,0.0437,0.125
789,597,731,565,RECCE,25,3,3,0.1875,0.054,11.21,0.0791,0.109,11.21,0.0791,2.39,0.1057,0.4229,False,0.1304,0.5215
790,716,851,761,SNIPER SAS,35,1,2,0.125,0.048,27.84,0.1965,0.058,4.52,0.0319,0,0.1046,0.2988,True,0.0764,0.2184
791,676,691,560,DOW. NIEB. BERETY SAPERZY,30,3,3,0.1875,0.051,9.6,0.0678,0.168,11.84,0.0836,1.8,0.1023,0.3411,True,0.1581,0.5272
792,747,728,671,PANZERMATROSEN FÜH.,40,3,3,0.1875,0.046,9.6,0.0678,0.113,10.07,0.0711,2.02,0.1,0.25,False,0.1305,0.3262
793,689,729,621,CMDT AEROMOBILES,30,3,3,0.1875,0.046,9.6,0.0678,0.113,10.07,0.0711,0,0.1,0.3334,False,0.1305,0.4349
794,748,730,672,USMC LEADER,40,3,3,0.1875,0.046,9.6,0.0678,0.113,10.07,0.0711,2.39,0.1,0.25,False,0.1305,0.3262
795,749,732,675,RECCE (GSR),40,3,3,0.1875,0.046,9.6,0.0678,0.108,9.6,0.0678,2.39,0.1,0.25,False,0.1277,0.3191
796,750,733,676,FUNKAUFKLÄRER,40,3,3,0.1875,0.046,9.6,0.0678,0.108,9.6,0.0678,0,0.1,0.25,False,0.1277,0.3191
797,751,734,677,RT RAZVEDKA,40,3,3,0.1875,0.046,9.6,0.0678,0.108,9.6,0.0678,2.39,0.1,0.25,False,0.1277,0.3191
798,727,986,878,GEB. SCHARFSCHÜTZE,35,2,2,0.125,0.045,23.33,0.1647,0,0,0.0,0,0.0969,0.277,False,0.0437,0.125
799,699,735,632,KOM. MILITSIYA,30,3,3,0.1875,0.043,8.0,0.0565,0.1,8.0,0.0565,0,0.0962,0.3207,False,0.1218,0.406
800,735,888,787,GUARDS SNIPER,35,1,2,0.125,0.032,23.2,0.1638,0.036,3.2,0.0226,0,0.0909,0.2597,False,0.0644,0.1841
801,736,889,788,TIREUR D'ELITE,35,1,2,0.125,0.032,23.2,0.1638,0.036,3.2,0.0226,0,0.0909,0.2597,False,0.0644,0.1841
802,739,989,880,SNIPER,35,1,2,0.125,0.031,22.86,0.1614,0.029,2.86,0.0202,0,0.0897,0.2564,False,0.0606,0.1733
803,719,890,764,ALASKAN SNIPER,30,1,2,0.125,0.027,23.2,0.1638,0.034,3.2,0.0226,0,0.0887,0.2957,False,0.0636,0.2121
804,657,610,387,DESANT. SAPERZY (LPO-50),25,2,3,0.1875,0.031,6.4,0.0452,0.128,42.14,0.2975,0,0.0886,0.3542,True,0.1829,0.7315
805,720,745,678,FOLT,30,2,2,0.125,0.066,10.29,0.0727,0.082,10.29,0.0727,0,0.0879,0.2931,False,0.0953,0.3178
806,892,759,892,ASPIDE TOLEDO,90,0,4,0.25,0,0,0.0,0,0,0.0,0,0.0875,0.0972,False,0.0875,0.0972
807,930,760,930,BLOODHOUND MK.2,105,0,4,0.25,0,0,0.0,0,0,0.0,0,0.0875,0.0833,False,0.0875,0.0833
808,740,769,719,FASTA-4,35,0,4,0.25,0,0,0.0,0,0,0.0,0,0.0875,0.25,False,0.0875,0.25
815,947,782,947,I-HAWK,110,0,4,0.25,0,0,0.0,0,0,0.0,0,0.0875,0.0795,False,0.0875,0.0795
815,947,782,947,I-HAWK,110,0,4,0.25,0,0,0.0,0,0,0.0,0,0.0875,0.0795,False,0.0875,0.0795
815,947,782,947,I-HAWK,110,0,4,0.25,0,0,0.0,0,0,0.0,0,0.0875,0.0795,False,0.0875,0.0795
815,947,782,947,I-HAWK,110,0,4,0.25,0,0,0.0,0,0,0.0,0,0.0875,0.0795,False,0.0875,0.0795
815,947,782,947,I-HAWK,110,0,4,0.25,0,0,0.0,0,0,0.0,0,0.0875,0.0795,False,0.0875,0.0795
815,947,782,947,I-HAWK,110,0,4,0.25,0,0,0.0,0,0,0.0,0,0.0875,0.0795,False,0.0875,0.0795
815,947,782,947,I-HAWK,110,0,4,0.25,0,0,0.0,0,0,0.0,0,0.0875,0.0795,False,0.0875,0.0795
816,954,783,954,USMC I-HAWK,115,0,4,0.25,0,0,0.0,0,0,0.0,0,0.0875,0.0761,False,0.0875,0.0761
817,801,784,790,JAVELIN LML,50,0,4,0.25,0,0,0.0,0,0,0.0,0,0.0875,0.175,False,0.0875,0.175
818,866,785,863,FLAK KS-19M2 100mm,70,0,4,0.25,0,0,0.0,0,0,0.0,1.77,0.0875,0.125,False,0.0875,0.125
819,914,802,914,RAPIER FSB2 DARKFIRE,100,0,4,0.25,0,0,0.0,0,0,0.0,0,0.0875,0.0875,False,0.0875,0.0875
820,901,803,901,RAPIER FSB1,95,0,4,0.25,0,0,0.0,0,0,0.0,0,0.0875,0.0921,False,0.0875,0.0921
821,867,804,864,RAPIER FSA,70,0,4,0.25,0,0,0.0,0,0,0.0,0,0.0875,0.125,False,0.0875,0.125
822,957,805,957,S-125 NEVA-M,120,0,4,0.25,0,0,0.0,0,0,0.0,0,0.0875,0.0729,False,0.0875,0.0729
823,886,806,887,STARSTREAK LML,80,0,4,0.25,0,0,0.0,0,0,0.0,0,0.0875,0.1094,False,0.0875,0.1094
824,890,807,891,XM85 T-CHAP,85,0,4,0.25,0,0,0.0,0,0,0.0,0,0.0875,0.1029,False,0.0875,0.1029
825,845,819,844,REZ. M wz. 1943 160mm,60,0,4,0.25,0,0,0.0,0,0,0.0,0,0.0875,0.1458,False,0.0875,0.1458
826,752,988,879,SNAYPERI MVD,35,1,2,0.125,0.037,18.67,0.1318,0,0,0.0,0,0.087,0.2485,False,0.0437,0.125
849,891,832,858,MISTRAL,65,2,2,0.125,0.056,12.0,0.0847,0.08,12.0,0.0847,0,0.0859,0.1321,False,0.0967,0.1488
851,900,834,882,PARA. MISTRAL,70,2,2,0.125,0.056,12.0,0.0847,0.08,12.0,0.0847,0,0.0859,0.1227,False,0.0967,0.1381
829,667,743,641,FLIEGERFAUST,25,2,2,0.125,0.056,12.0,0.0847,0.08,12.0,0.0847,0,0.0859,0.3436,False,0.0967,0.3868
853,854,836,806,STINGER,50,2,2,0.125,0.056,12.0,0.0847,0.08,12.0,0.0847,0,0.0859,0.1718,False,0.0967,0.1934
831,754,852,780,ODSTŘELOVAČI,35,2,2,0.125,0.04,14.87,0.105,0.04,3.2,0.0226,0,0.0826,0.236,False,0.0662,0.1892
838,251,821,244,BLOWPIPE,10,2,2,0.125,0.046,9.62,0.0679,0.074,9.62,0.0679,0,0.0781,0.7809,False,0.0906,0.9056
833,783,747,709,PPLRK IGLA,35,2,2,0.125,0.034,6.4,0.0452,0.08,6.4,0.0452,0,0.0682,0.1949,False,0.0887,0.2534
834,784,748,710,VÝS. PPLRK IGLA,35,2,2,0.125,0.034,6.4,0.0452,0.08,6.4,0.0452,0,0.0682,0.1949,False,0.0887,0.2534
835,728,749,649,NIEB. BERETY STRZAŁA-2M,25,2,2,0.125,0.034,6.4,0.0452,0.08,6.4,0.0452,0,0.0682,0.2729,False,0.0887,0.3548
836,729,750,650,STRZAŁA-2M,25,2,2,0.125,0.034,6.4,0.0452,0.08,6.4,0.0452,0,0.0682,0.2729,False,0.0887,0.3548
837,730,751,651,PPLRK S-2M,25,2,2,0.125,0.034,6.4,0.0452,0.08,6.4,0.0452,0,0.0682,0.2729,False,0.0887,0.3548
838,251,821,244,BLOWPIPE,10,2,2,0.125,0.031,6.4,0.0452,0.072,6.4,0.0452,0,0.0667,0.6668,False,0.0851,0.8511
839,789,822,737,FLA-RAK. IGLA,35,2,2,0.125,0.031,6.4,0.0452,0.072,6.4,0.0452,0,0.0667,0.1905,False,0.0851,0.2432
840,790,823,738,DSh. IGLA,35,2,2,0.125,0.031,6.4,0.0452,0.072,6.4,0.0452,0,0.0667,0.1905,False,0.0851,0.2432
841,791,824,739,GV. IGLA,35,2,2,0.125,0.031,6.4,0.0452,0.072,6.4,0.0452,0,0.0667,0.1905,False,0.0851,0.2432
842,792,825,740,MOR. IGLA,35,2,2,0.125,0.031,6.4,0.0452,0.072,6.4,0.0452,0,0.0667,0.1905,False,0.0851,0.2432
843,815,826,762,DESANT. MOR. IGLA,40,2,2,0.125,0.031,6.4,0.0452,0.072,6.4,0.0452,0,0.0667,0.1667,False,0.0851,0.2128
845,794,828,742,IGLA,35,2,2,0.125,0.031,6.4,0.0452,0.072,6.4,0.0452,0,0.0667,0.1905,False,0.0851,0.2432
845,794,828,742,IGLA,35,2,2,0.125,0.031,6.4,0.0452,0.072,6.4,0.0452,0,0.0667,0.1905,False,0.0851,0.2432
846,816,829,763,DESANT. IGLA,40,2,2,0.125,0.031,6.4,0.0452,0.072,6.4,0.0452,0,0.0667,0.1667,False,0.0851,0.2128
848,764,831,704,JAVELIN,30,2,2,0.125,0.031,6.4,0.0452,0.072,6.4,0.0452,0,0.0667,0.2223,False,0.0851,0.2837
848,764,831,704,JAVELIN,30,2,2,0.125,0.031,6.4,0.0452,0.072,6.4,0.0452,0,0.0667,0.2223,False,0.0851,0.2837
849,891,832,858,MISTRAL,65,2,2,0.125,0.031,6.4,0.0452,0.072,6.4,0.0452,0,0.0667,0.1026,False,0.0851,0.1309
850,899,833,881,LEGION. MISTRAL,70,2,2,0.125,0.031,6.4,0.0452,0.072,6.4,0.0452,0,0.0667,0.0953,False,0.0851,0.1216
851,900,834,882,PARA. MISTRAL,70,2,2,0.125,0.031,6.4,0.0452,0.072,6.4,0.0452,0,0.0667,0.0953,False,0.0851,0.1216
852,853,835,805,AERO-STINGER,50,2,2,0.125,0.031,6.4,0.0452,0.072,6.4,0.0452,0,0.0667,0.1334,False,0.0851,0.1702
853,854,836,806,STINGER,50,2,2,0.125,0.031,6.4,0.0452,0.072,6.4,0.0452,0,0.0667,0.1334,False,0.0851,0.1702
854,880,837,817,USMC STINGER,55,2,2,0.125,0.031,6.4,0.0452,0.072,6.4,0.0452,0,0.0667,0.1212,False,0.0851,0.1547
855,881,838,818,AB STINGER,55,2,2,0.125,0.031,6.4,0.0452,0.072,6.4,0.0452,0,0.0667,0.1212,False,0.0851,0.1547
856,731,839,666,FLA-RAK. STRELA-2M,25,2,2,0.125,0.031,6.4,0.0452,0.072,6.4,0.0452,0,0.0667,0.2667,False,0.0851,0.3404
857,765,840,705,Fs-FLA-RAK. STRELA-2M,30,2,2,0.125,0.031,6.4,0.0452,0.072,6.4,0.0452,0,0.0667,0.2223,False,0.0851,0.2837
858,766,841,706,DESANT. STRZAŁA-2M,30,2,2,0.125,0.031,6.4,0.0452,0.072,6.4,0.0452,0,0.0667,0.2223,False,0.0851,0.2837
859,826,853,821,VÝS. BzK Vz.59 82mm,45,0,3,0.1875,0,0,0.0,0,0,0.0,1.4,0.0656,0.1458,False,0.0656,0.1458
860,931,854,931,M/87 I-TOW,80,0,3,0.1875,0,0,0.0,0,0,0.0,2.4,0.0656,0.082,False,0.0656,0.082
861,906,855,906,N.G. I-TOW,75,0,3,0.1875,0,0,0.0,0,0,0.0,2.27,0.0656,0.0875,False,0.0656,0.0875
889,934,883,934,I-TOW,80,0,3,0.1875,0,0,0.0,0,0,0.0,2.4,0.0656,0.082,False,0.0656,0.082
889,934,883,934,I-TOW,80,0,3,0.1875,0,0,0.0,0,0,0.0,2.4,0.0656,0.082,False,0.0656,0.082
864,795,858,781,REZ. B-11,35,0,3,0.1875,0,0,0.0,0,0,0.0,0.85,0.0656,0.1875,False,0.0656,0.1875
868,829,862,824,M40A1,45,0,3,0.1875,0,0,0.0,0,0,0.0,1.06,0.0656,0.1458,False,0.0656,0.1458
866,818,860,811,N.G. M40A1,40,0,3,0.1875,0,0,0.0,0,0,0.0,0.96,0.0656,0.1641,False,0.0656,0.1641
868,829,862,824,M40A1,45,0,3,0.1875,0,0,0.0,0,0,0.0,1.06,0.0656,0.1458,False,0.0656,0.1458
868,829,862,824,M40A1,45,0,3,0.1875,0,0,0.0,0,0,0.0,1.06,0.0656,0.1458,False,0.0656,0.1458
869,819,863,812,HJV DYKN M/56,40,0,3,0.1875,0,0,0.0,0,0,0.0,0.96,0.0656,0.1641,False,0.0656,0.1641
870,820,864,813,RES. M40A1,40,0,3,0.1875,0,0,0.0,0,0,0.0,0.96,0.0656,0.1641,False,0.0656,0.1641
879,834,873,829,SPG-9,45,0,3,0.1875,0,0,0.0,0,0,0.0,1.31,0.0656,0.1458,False,0.0656,0.1458
872,831,866,826,DSh. SPG-9,45,0,3,0.1875,0,0,0.0,0,0,0.0,1.31,0.0656,0.1458,False,0.0656,0.1458
873,856,867,853,Fs-SPG-9,50,0,3,0.1875,0,0,0.0,0,0,0.0,1.31,0.0656,0.1312,False,0.0656,0.1312
874,832,868,827,GV. SPG-9,45,0,3,0.1875,0,0,0.0,0,0,0.0,1.31,0.0656,0.1458,False,0.0656,0.1458
875,857,869,854,MOR. SPG-9,50,0,3,0.1875,0,0,0.0,0,0,0.0,1.31,0.0656,0.1312,False,0.0656,0.1312
876,882,870,883,DESANT. MOR. SPG-9,55,0,3,0.1875,0,0,0.0,0,0,0.0,1.31,0.0656,0.1193,False,0.0656,0.1193
879,834,873,829,SPG-9,45,0,3,0.1875,0,0,0.0,0,0,0.0,1.31,0.0656,0.1458,False,0.0656,0.1458
880,859,874,856,DESANT. SPG-9,50,0,3,0.1875,0,0,0.0,0,0,0.0,1.31,0.0656,0.1312,False,0.0656,0.1312
879,834,873,829,SPG-9,45,0,3,0.1875,0,0,0.0,0,0,0.0,1.31,0.0656,0.1458,False,0.0656,0.1458
880,859,874,856,DESANT. SPG-9,50,0,3,0.1875,0,0,0.0,0,0,0.0,1.31,0.0656,0.1312,False,0.0656,0.1312
881,835,875,830,BzK Vz.59 82mm,45,0,3,0.1875,0,0,0.0,0,0,0.0,1.4,0.0656,0.1458,False,0.0656,0.1458
882,976,876,976,TOW-2A,100,0,3,0.1875,0,0,0.0,0,0,0.0,3.12,0.0656,0.0656,False,0.0656,0.0656
883,958,877,958,AERO-TOW-2,95,0,3,0.1875,0,0,0.0,0,0,0.0,3.12,0.0656,0.0691,False,0.0656,0.0691
892,961,886,961,TOW-2,95,0,3,0.1875,0,0,0.0,0,0,0.0,3.12,0.0656,0.0691,False,0.0656,0.0691
892,961,886,961,TOW-2,95,0,3,0.1875,0,0,0.0,0,0,0.0,3.12,0.0656,0.0691,False,0.0656,0.0691
886,977,880,977,USMC TOW-2,100,0,3,0.1875,0,0,0.0,0,0,0.0,3.12,0.0656,0.0656,False,0.0656,0.0656
887,978,881,978,AB TOW-2,100,0,3,0.1875,0,0,0.0,0,0,0.0,3.12,0.0656,0.0656,False,0.0656,0.0656
888,860,882,857,N.G. TOW,50,0,3,0.1875,0,0,0.0,0,0,0.0,1.5,0.0656,0.1312,False,0.0656,0.1312
889,934,883,934,I-TOW,80,0,3,0.1875,0,0,0.0,0,0,0.0,2.4,0.0656,0.082,False,0.0656,0.082
890,935,884,935,MCC I-TOW,80,0,3,0.1875,0,0,0.0,0,0,0.0,2.4,0.0656,0.082,False,0.0656,0.082
891,836,885,831,CSR-106,45,0,3,0.1875,0,0,0.0,0,0,0.0,1.06,0.0656,0.1458,False,0.0656,0.1458
892,961,886,961,TOW-2,95,0,3,0.1875,0,0,0.0,0,0,0.0,3.12,0.0656,0.0691,False,0.0656,0.0691
893,796,887,782,L6 WOMBAT,35,0,3,0.1875,0,0,0.0,0,0,0.0,0.93,0.0656,0.1875,False,0.0656,0.1875
894,697,846,629,N.G. REDEYE,20,2,2,0.125,0.027,6.4,0.0452,0.068,6.4,0.0452,0,0.0651,0.3253,False,0.0835,0.4174
895,821,847,765,N.G. STINGER,40,2,2,0.125,0.027,6.4,0.0452,0.068,6.4,0.0452,0,0.0651,0.1626,False,0.0835,0.2087
896,734,848,670,REZ. STRELA-3,25,2,2,0.125,0.027,6.4,0.0452,0.068,6.4,0.0452,0,0.0651,0.2602,False,0.0835,0.3339
897,738,849,682,LVR M/73 HAMLET,25,2,2,0.125,0.028,5.71,0.0403,0.057,5.71,0.0403,0,0.0644,0.2577,False,0.0775,0.3101
898,861,850,816,KDM STINGER,50,2,2,0.125,0.028,5.71,0.0403,0.057,5.71,0.0403,0,0.0644,0.1288,False,0.0775,0.1551
899,862,892,859,AERO-M252 81mm,35,0,2,0.125,0,0,0.0,0,0,0.0,0,0.0437,0.125,False,0.0437,0.125
900,863,893,860,C3 81mm,35,0,2,0.125,0,0,0.0,0,0,0.0,0,0.0437,0.125,False,0.0437,0.125
901,955,894,955,PARA. L16 81mm [CLU],60,0,2,0.125,0,0,0.0,0,0,0.0,0,0.0437,0.0729,False,0.0437,0.0729
902,864,895,861,GUARDS L16 81mm,35,0,2,0.125,0,0,0.0,0,0,0.0,0,0.0437,0.125,False,0.0437,0.125
903,825,896,820,N.G. M29 81mm,30,0,2,0.125,0,0,0.0,0,0,0.0,0,0.0437,0.1458,False,0.0437,0.1458
904,884,897,885,PARA. L16 81mm,40,0,2,0.125,0,0,0.0,0,0,0.0,0,0.0437,0.1094,False,0.0437,0.1094
905,865,898,862,L16 81mm,35,0,2,0.125,0,0,0.0,0,0,0.0,0,0.0437,0.125,False,0.0437,0.125
906,885,899,886,USMC M252 81mm,40,0,2,0.125,0,0,0.0,0,0,0.0,0,0.0437,0.1094,False,0.0437,0.1094
907,902,900,902,PALR FAGOT,50,0,2,0.125,0,0,0.0,0,0,0.0,1.7,0.0437,0.0875,False,0.0437,0.0875
908,936,901,936,Fs-PALR FAGOT,55,0,2,0.125,0,0,0.0,0,0,0.0,1.7,0.0437,0.0795,False,0.0437,0.0795
909,903,902,903,GV. FAGOT,50,0,2,0.125,0,0,0.0,0,0,0.0,1.7,0.0437,0.0875,False,0.0437,0.0875
910,904,903,904,FAGOT,50,0,2,0.125,0,0,0.0,0,0,0.0,1.7,0.0437,0.0875,False,0.0437,0.0875
911,905,904,905,PTŘS FAGOT,50,0,2,0.125,0,0,0.0,0,0,0.0,1.7,0.0437,0.0875,False,0.0437,0.0875
912,987,905,987,KONKURS-M,80,0,2,0.125,0,0,0.0,0,0,0.0,2.53,0.0437,0.0547,False,0.0437,0.0547
913,962,906,962,PALR KONKURS,65,0,2,0.125,0,0,0.0,0,0,0.0,2.0,0.0437,0.0673,False,0.0437,0.0673
914,963,907,963,GV. KONKURS,65,0,2,0.125,0,0,0.0,0,0,0.0,2.0,0.0437,0.0673,False,0.0437,0.0673
917,966,910,966,KONKURS,65,0,2,0.125,0,0,0.0,0,0,0.0,2.0,0.0437,0.0673,False,0.0437,0.0673
916,965,909,965,PTŘS KONKURS,65,0,2,0.125,0,0,0.0,0,0,0.0,2.0,0.0437,0.0673,False,0.0437,0.0673
917,966,910,966,KONKURS,65,0,2,0.125,0,0,0.0,0,0,0.0,2.0,0.0437,0.0673,False,0.0437,0.0673
921,910,914,910,MILAN 1,50,0,2,0.125,0,0,0.0,0,0,0.0,1.7,0.0437,0.0875,False,0.0437,0.0875
921,910,914,910,MILAN 1,50,0,2,0.125,0,0,0.0,0,0,0.0,1.7,0.0437,0.0875,False,0.0437,0.0875
920,909,913,909,PALR MILAN 1,50,0,2,0.125,0,0,0.0,0,0,0.0,1.7,0.0437,0.0875,False,0.0437,0.0875
921,910,914,910,MILAN 1,50,0,2,0.125,0,0,0.0,0,0,0.0,1.7,0.0437,0.0875,False,0.0437,0.0875
923,938,916,938,PARA. MILAN  1,55,0,2,0.125,0,0,0.0,0,0,0.0,1.7,0.0437,0.0795,False,0.0437,0.0795
923,938,916,938,PARA. MILAN  1,55,0,2,0.125,0,0,0.0,0,0,0.0,1.7,0.0437,0.0795,False,0.0437,0.0795
930,972,923,972,MILAN 2,65,0,2,0.125,0,0,0.0,0,0,0.0,2.4,0.0437,0.0673,False,0.0437,0.0673
930,972,923,972,MILAN 2,65,0,2,0.125,0,0,0.0,0,0,0.0,2.4,0.0437,0.0673,False,0.0437,0.0673
926,969,919,969,GUARDS MILAN 2,65,0,2,0.125,0,0,0.0,0,0,0.0,2.4,0.0437,0.0673,False,0.0437,0.0673
927,979,920,979,LEGION. MILAN 2,70,0,2,0.125,0,0,0.0,0,0,0.0,2.4,0.0437,0.0625,False,0.0437,0.0625
928,970,921,970,PALR MILAN 2,65,0,2,0.125,0,0,0.0,0,0,0.0,2.4,0.0437,0.0673,False,0.0437,0.0673
929,971,922,971,MARSOUINS MILAN 2,65,0,2,0.125,0,0,0.0,0,0,0.0,2.4,0.0437,0.0673,False,0.0437,0.0673
930,972,923,972,MILAN 2,65,0,2,0.125,0,0,0.0,0,0,0.0,2.4,0.0437,0.0673,False,0.0437,0.0673
934,983,927,983,PARA. MILAN 2,70,0,2,0.125,0,0,0.0,0,0,0.0,2.4,0.0437,0.0625,False,0.0437,0.0625
934,983,927,983,PARA. MILAN 2,70,0,2,0.125,0,0,0.0,0,0,0.0,2.4,0.0437,0.0625,False,0.0437,0.0625
933,982,926,982,Fs-PALR MILAN 2,70,0,2,0.125,0,0,0.0,0,0,0.0,2.4,0.0437,0.0625,False,0.0437,0.0625
934,983,927,983,PARA. MILAN 2,70,0,2,0.125,0,0,0.0,0,0,0.0,2.4,0.0437,0.0625,False,0.0437,0.0625
935,767,928,756,MARINIER DRAGON I,20,0,2,0.125,0,0,0.0,0,0,0.0,1.68,0.0437,0.2187,False,0.0437,0.2187
936,722,929,690,DRAGON I,15,0,2,0.125,0,0,0.0,0,0,0.0,1.68,0.0437,0.2917,False,0.0437,0.2917
937,911,930,911,DSh. FAGOT,50,0,2,0.125,0,0,0.0,0,0,0.0,1.7,0.0437,0.0875,False,0.0437,0.0875
938,956,931,956,DESANT. MOR. FAGOT,60,0,2,0.125,0,0,0.0,0,0,0.0,1.7,0.0437,0.0729,False,0.0437,0.0729
939,912,932,912,PPK FAGOT,50,0,2,0.125,0,0,0.0,0,0,0.0,1.7,0.0437,0.0875,False,0.0437,0.0875
940,939,933,939,DESANT. PPK FAGOT,55,0,2,0.125,0,0,0.0,0,0,0.0,1.7,0.0437,0.0795,False,0.0437,0.0795
941,940,934,940,DESANT. FAGOT,55,0,2,0.125,0,0,0.0,0,0,0.0,1.7,0.0437,0.0795,False,0.0437,0.0795
942,973,935,973,DSh. KONKURS,65,0,2,0.125,0,0,0.0,0,0,0.0,2.0,0.0437,0.0673,False,0.0437,0.0673
943,984,936,984,MOR. KONKURS,70,0,2,0.125,0,0,0.0,0,0,0.0,2.0,0.0437,0.0625,False,0.0437,0.0625
944,985,937,985,DESANT. KONKURS,70,0,2,0.125,0,0,0.0,0,0,0.0,2.0,0.0437,0.0625,False,0.0437,0.0625
945,974,938,974,VÝS. PTŘS KONKURS,65,0,2,0.125,0,0,0.0,0,0,0.0,2.0,0.0437,0.0673,False,0.0437,0.0673
946,913,939,913,MCC MILAN 1,50,0,2,0.125,0,0,0.0,0,0,0.0,1.7,0.0437,0.0875,False,0.0437,0.0875
947,975,940,975,MCC MILAN 2,65,0,2,0.125,0,0,0.0,0,0,0.0,2.4,0.0437,0.0673,False,0.0437,0.0673
948,893,942,894,WP-8z,45,0,2,0.125,0,0,0.0,0,0,0.0,0,0.0437,0.0972,False,0.0437,0.0972
949,989,943,989,XM-477 SLAMMER,150,1,2,0.125,0,0,0.0,0,0,0.0,0,0.0437,0.0292,False,0.0437,0.0292
950,894,944,895,AERO-M30 107mm,45,0,2,0.125,0,0,0.0,0,0,0.0,0,0.0437,0.0972,False,0.0437,0.0972
951,915,945,915,AB M30 107mm,50,0,2,0.125,0,0,0.0,0,0,0.0,0,0.0437,0.0875,False,0.0437,0.0875
955,897,949,898,M30 107mm,45,0,2,0.125,0,0,0.0,0,0,0.0,0,0.0437,0.0972,False,0.0437,0.0972
953,887,947,888,N.G. M30 107mm,40,0,2,0.125,0,0,0.0,0,0,0.0,0,0.0437,0.1094,False,0.0437,0.1094
955,897,949,898,M30 107mm,45,0,2,0.125,0,0,0.0,0,0,0.0,0,0.0437,0.0972,False,0.0437,0.0972
955,897,949,898,M30 107mm,45,0,2,0.125,0,0,0.0,0,0,0.0,0,0.0437,0.0972,False,0.0437,0.0972
956,916,950,916,PARA. M30 107mm,50,0,2,0.125,0,0,0.0,0,0,0.0,0,0.0437,0.0875,False,0.0437,0.0875
957,917,951,917,L65/120 120mm,50,0,2,0.125,0,0,0.0,0,0,0.0,0,0.0437,0.0875,False,0.0437,0.0875
958,948,952,948,M vz.82 PRÁM-L 120mm,55,0,2,0.125,0,0,0.0,0,0,0.0,0,0.0437,0.0795,False,0.0437,0.0795
959,870,953,867,DSh. 2B14 82mm,35,0,2,0.125,0,0,0.0,0,0,0.0,0,0.0437,0.125,False,0.0437,0.125
960,843,954,842,REZ. 2B14 82mm,30,0,2,0.125,0,0,0.0,0,0,0.0,0,0.0437,0.1458,False,0.0437,0.1458
961,888,955,889,DESANT. 2B14 82mm,40,0,2,0.125,0,0,0.0,0,0,0.0,0,0.0437,0.1094,False,0.0437,0.1094
962,918,956,918,Gr.Wfr. 2S12 120mm,50,0,2,0.125,0,0,0.0,0,0,0.0,0,0.0437,0.0875,False,0.0437,0.0875
963,919,957,919,DSh. 2S12 120mm,50,0,2,0.125,0,0,0.0,0,0,0.0,0,0.0437,0.0875,False,0.0437,0.0875
964,949,958,949,DESANT. MOR. 2S12 120mm,55,0,2,0.125,0,0,0.0,0,0,0.0,0,0.0437,0.0795,False,0.0437,0.0795
967,922,961,922,2S12 120mm,50,0,2,0.125,0,0,0.0,0,0,0.0,0,0.0437,0.0875,False,0.0437,0.0875
967,922,961,922,2S12 120mm,50,0,2,0.125,0,0,0.0,0,0,0.0,0,0.0437,0.0875,False,0.0437,0.0875
967,922,961,922,2S12 120mm,50,0,2,0.125,0,0,0.0,0,0,0.0,0,0.0437,0.0875,False,0.0437,0.0875
968,950,962,950,DESANT. 2S12 120mm,55,0,2,0.125,0,0,0.0,0,0,0.0,0,0.0437,0.0795,False,0.0437,0.0795
969,844,963,843,M1 81mm,30,0,2,0.125,0,0,0.0,0,0,0.0,0,0.0437,0.1458,False,0.0437,0.1458
970,871,964,868,MORTER M/57 81mm,35,0,2,0.125,0,0,0.0,0,0,0.0,0,0.0437,0.125,False,0.0437,0.125
971,872,965,869,MO-81-61-C 81mm,35,0,2,0.125,0,0,0.0,0,0,0.0,0,0.0437,0.125,False,0.0437,0.125
972,873,966,870,L65/81 81mm,35,0,2,0.125,0,0,0.0,0,0,0.0,0,0.0437,0.125,False,0.0437,0.125
973,889,967,890,M252 81mm,40,0,2,0.125,0,0,0.0,0,0,0.0,0,0.0437,0.1094,False,0.0437,0.1094
974,874,968,871,M vz.52 82mm,35,0,2,0.125,0,0,0.0,0,0,0.0,0,0.0437,0.125,False,0.0437,0.125
975,875,969,872,M29 81mm,35,0,2,0.125,0,0,0.0,0,0,0.0,0,0.0437,0.125,False,0.0437,0.125
976,876,970,873,Gr.Wfr. M-43 82mm,35,0,2,0.125,0,0,0.0,0,0,0.0,0,0.0437,0.125,False,0.0437,0.125
977,877,971,874,M wz.37 82mm,35,0,2,0.125,0,0,0.0,0,0,0.0,0,0.0437,0.125,False,0.0437,0.125
978,878,972,875,BM-43 82mm,35,0,2,0.125,0,0,0.0,0,0,0.0,0,0.0437,0.125,False,0.0437,0.125
979,923,973,923,MORTER M/50 120mm,50,0,2,0.125,0,0,0.0,0,0,0.0,0,0.0437,0.0875,False,0.0437,0.0875
982,925,976,925,MO-120-RT61,50,0,2,0.125,0,0,0.0,0,0,0.0,0,0.0437,0.0875,False,0.0437,0.0875
981,951,975,951,LEGION. MO-120-RT61,55,0,2,0.125,0,0,0.0,0,0,0.0,0,0.0437,0.0795,False,0.0437,0.0795
982,925,976,925,MO-120-RT61,50,0,2,0.125,0,0,0.0,0,0,0.0,0,0.0437,0.0875,False,0.0437,0.0875
983,952,977,952,PARA. MO-120-RT61,55,0,2,0.125,0,0,0.0,0,0,0.0,0,0.0437,0.0795,False,0.0437,0.0795
984,988,978,988,NONA-K 120mm,80,0,2,0.125,0,0,0.0,0,0,0.0,0.8,0.0437,0.0547,False,0.0437,0.0547
985,926,979,926,Gr.Wfr. M43 120mm,50,0,2,0.125,0,0,0.0,0,0,0.0,0,0.0437,0.0875,False,0.0437,0.0875
986,927,980,927,M wz.43 120mm,50,0,2,0.125,0,0,0.0,0,0,0.0,0,0.0437,0.0875,False,0.0437,0.0875
987,898,981,899,REZ. PM-43 120mm,45,0,2,0.125,0,0,0.0,0,0,0.0,0,0.0437,0.0972,False,0.0437,0.0972
988,928,982,928,Mrs. 120mm Tampella,50,0,2,0.125,0,0,0.0,0,0,0.0,0,0.0437,0.0875,False,0.0437,0.0875
989,953,983,953,Fs-MRS. 120mm TAMPELLA,55,0,2,0.125,0,0,0.0,0,0,0.0,0,0.0437,0.0795,False,0.0437,0.0795
